-- phpMyAdmin SQL Dump
-- version 5.0.4
-- https://www.phpmyadmin.net/
--
-- Host: 127.0.0.1
-- Generation Time: Apr 30, 2021 at 08:45 PM
-- Server version: 10.4.17-MariaDB
-- PHP Version: 8.0.2

SET SQL_MODE = "NO_AUTO_VALUE_ON_ZERO";
START TRANSACTION;
SET time_zone = "+00:00";


/*!40101 SET @OLD_CHARACTER_SET_CLIENT=@@CHARACTER_SET_CLIENT */;
/*!40101 SET @OLD_CHARACTER_SET_RESULTS=@@CHARACTER_SET_RESULTS */;
/*!40101 SET @OLD_COLLATION_CONNECTION=@@COLLATION_CONNECTION */;
/*!40101 SET NAMES utf8mb4 */;

--
-- Database: `project`
--

-- --------------------------------------------------------

--
-- Table structure for table `customers`
--

CREATE TABLE `customers` (
  `id` int(11) NOT NULL,
  `email` varchar(45) NOT NULL,
  `firstname` varchar(45) NOT NULL,
  `lastname` varchar(45) NOT NULL,
  `password` varchar(255) NOT NULL,
  `created_at` datetime DEFAULT current_timestamp()
) ENGINE=InnoDB DEFAULT CHARSET=utf8mb4;

--
-- Dumping data for table `customers`
--

INSERT INTO `customers` (`id`, `email`, `firstname`, `lastname`, `password`, `created_at`) VALUES
(2, 'tdummy@gmail.com', 'Bob', 'DiBuilder', '$2y$10$vOkuZb.w9crvAKwYj2kfxe5LuUbxMV4L5pFAaV3ZXM.rMqlV4cYM2', '2021-04-24 10:30:26'),
(3, 'j.taviann@gmail.com', 'Jermaine', 'Cunningham', '$2y$10$pq0rK66SGQ10grj2bpj16OuC8enLAV0RjUUtNiBUJn7V/Ytn7vjM2', '2021-04-27 18:34:41'),
(4, 'moo@gmail.com', 'Jermaine', 'Cunningham', '$2y$10$LNTreumVVnXD339Az3.XQeFK7LN4GiAfOp/1qeO6tooVuHPtsqE1C', '2021-04-27 19:36:32'),
(5, 'bob@gmail.com', 'Bob', 'DiBuilder', '$2y$10$QlMdlnJ82SZAxT1aQlxdi./SpTgXAadqAnDKCLC4tnbxYXrzeM37G', '2021-04-27 19:37:46'),
(6, 'her@gmail.com', 'Annesha', 'Puran', '$2y$10$PrF3CCwJsfXnJBQrZs6WTuX8Zw9oJeflgF5AxAklFTukSIKZhg4.a', '2021-04-27 19:49:59');

-- --------------------------------------------------------

--
-- Table structure for table `foods`
--

CREATE TABLE `foods` (
  `id_food` int(11) NOT NULL,
  `id_restaurant` int(11) DEFAULT NULL,
  `name` varchar(45) DEFAULT NULL,
  `description` varchar(45) DEFAULT NULL,
  `price` int(11) DEFAULT NULL,
  `image` blob DEFAULT NULL
) ENGINE=InnoDB DEFAULT CHARSET=utf8mb4;

--
-- Dumping data for table `foods`
--

INSERT INTO `foods` (`id_food`, `id_restaurant`, `name`, `description`, `price`, `image`) VALUES
(65, 100, 'MegaPatty', 'Everything you want!', 300, NULL),
(67, 100, 'Meat Loaf', 'Beef made', 180, NULL),
(71, 200, 'Cheese Patty', 'Patty Made of Cheese', 210, NULL),
(302, 300, 'Whopper', 'Adult size burger', 700, NULL),
(472, 300, 'Fries(Small)', 'Small Fries', 100, NULL),
(793, 100, 'BeefPatty', 'Patty made of beef', 170, NULL),
(8731, 200, 'Chicken Patty', 'Patty Made of Chicken', 180, NULL),
(21389, 100, 'Chicken Patty', 'Patty Made of Chicken', 160, NULL);

-- --------------------------------------------------------

--
-- Table structure for table `items_ordered`
--

CREATE TABLE `items_ordered` (
  `id` int(11) NOT NULL,
  `id_order` int(11) DEFAULT NULL,
  `id_food` int(11) DEFAULT NULL
) ENGINE=InnoDB DEFAULT CHARSET=utf8mb4;

--
-- Dumping data for table `items_ordered`
--

INSERT INTO `items_ordered` (`id`, `id_order`, `id_food`) VALUES
(2104030460, 2104070417, 65),
(2104030461, 2104070417, 67),
(2104030462, 2104070446, 21389),
(2104030463, 2104070446, 21389),
(2104030464, 2104070402, 67),
(2104030465, 2104070402, 793),
(2104030466, 2104070402, 65),
(2104030467, 2104080401, 65),
(2104030468, 2104080401, 67),
(2104030469, 2104080401, 21389),
(2104030470, 2104080401, 793),
(2104030471, 2104080420, 65),
(2104030472, 2104080420, 67),
(2104030473, 2104080420, 793),
(2104030474, 2104080420, 21389);

-- --------------------------------------------------------

--
-- Table structure for table `orders`
--

CREATE TABLE `orders` (
  `id_order` int(11) NOT NULL,
  `id_customer` int(11) DEFAULT NULL,
  `id_food` int(11) DEFAULT NULL,
  `id_restaurant` int(11) DEFAULT NULL,
  `delivery_name` varchar(45) DEFAULT NULL,
  `delivery_address` varchar(45) DEFAULT NULL,
  `time_ordered` datetime DEFAULT NULL,
  `total` int(11) DEFAULT NULL
) ENGINE=InnoDB DEFAULT CHARSET=utf8mb4;

--
-- Dumping data for table `orders`
--

INSERT INTO `orders` (`id_order`, `id_customer`, `id_food`, `id_restaurant`, `delivery_name`, `delivery_address`, `time_ordered`, `total`) VALUES
(2104070402, 3, NULL, 100, 'Jermaine Taviann Cunningham', '3201 Landover street', NULL, NULL),
(2104070417, 3, NULL, 100, 'Jermaine Taviann Cunningham', '3201 Landover street', NULL, NULL),
(2104070446, 3, NULL, 100, 'Jermaine Taviann Cunningham', '3201 Landover street', NULL, NULL),
(2104080401, 3, NULL, 100, 'Jermaine Taviann Cunningham', '3201 Landover street', NULL, NULL),
(2104080420, 3, NULL, 100, 'Jermaine Cunningham', '2704 Columbia pike', NULL, NULL);

-- --------------------------------------------------------

--
-- Table structure for table `restaurants`
--

CREATE TABLE `restaurants` (
  `id_restaurants` int(11) NOT NULL,
  `name` varchar(45) DEFAULT NULL,
  `street` varchar(45) DEFAULT NULL,
  `city` varchar(45) DEFAULT NULL,
  `parish` varchar(45) DEFAULT NULL,
  `image` blob DEFAULT NULL
) ENGINE=InnoDB DEFAULT CHARSET=utf8mb4;

--
-- Dumping data for table `restaurants`
--

INSERT INTO `restaurants` (`id_restaurants`, `name`, `street`, `city`, `parish`, `image`) VALUES
(100, 'Juicy Beef', 'Far', 'Far', 'Away', 0xffd8ffe000104a46494600010100000100010000ffdb008400090607120f0f150f1012161515151517151615171615151515101515161615151615181d2820181a251e1515213121252a2b2e2e2e17203338352d37282e2e2b010a0a0a0e0d0e1b10101b31252026352d353235302d2d2d2f33302e2d2f2d2d2f2d2f2d2d2d2d2d2d2d2d2d2e2f2d2d2d372d2d2f362d2d2d2d2d2d2d2d2d2d2dffc000110800e100e103012200021101031101ffc4001b00010100020301000000000000000000000001050603040702ffc400461000010302030405070a020a0301000000010002030411051221063141511322617181071423328291a1154252536292a2b1c1d172d22433344354638393b2d317a3e116ffc4001a010100030101010000000000000000000000030405020106ffc4003a110001030105040804050305000000000001000203110412213141516171910513223281a1b1f01452c1d115336282d242e1f1244372a2b2ffda000c03010002110311003f00f6b511111545111154511115451544445111154451115451111544511154515444451111544444445111154515444451111544444451551111544445154444515444451155c35552c8986495ed6346f7388681e25133c02e65169f8a7943a661b40d74cedc0fa8cbf79d4f8058ff0095719abd218042d3f38b432c39de53af8284cecad062772d26744da697a401836bcddf2cfc97a0a39c06f202d00ec862537f5f5d61c83e570f16f55abe8793169d64aa738f3c83f5714eb243933995d7c1d91bdfb40fdad71f3c02de848dfa43de17dd968a7c97c5fe21ff0071bfbae3ff00c79345ad3d6b876657b3e2d77e89d649f2f9a7c2584e568e71b87a12b7d5579fbf0cc6a9b58e713db8660eb8ede940f8247b71534ee0caea4736ff003835cc27b4075c3bc0af3af03bc084fc2a47fe43dafdc1d8f2343caab7f5561707da8a5aa21b14a03cfcc7f51fe0373bd9256694cd7070a82b3e489f13ae48083b08a288aa2f546a22a8888a2a888a22a888888888a222222a8a2222aa22222aa39c00b9d00de7800baf5f5d1d3c6e96670631bbc9f8003893c82f3ea8adaac6e530d38315334d8b8e80b79bc8f59dc9a34fcd4724819866762b965b13a7ab890d60cdc721f73b00e15595c776e9ad3d0d133a6909ca1d62e666e4d0dd5e7bb4ed2ba545b1d555af13e23339bc4460e6701cb5ea33c013dcb6dd9fd9c8285b68db7711ac8eb179e7af01d83459b5c7545f8c9cb4feeac9e90641d9b1b69fa8e2f3c3468dc3d56270ac029a947a289a0fd33abcfb67559644530000a0598f7b9eebce353bd11117ab944444445c33c2d7b4b5ed0e69de08041ef05732222d3f1ad80a69eee8af0bcfd1d597ed61ddec90b04dc4311c26cda86f4f0dec1d773ac39364b5c1ec78ee5e9ab8e58839a5ae00822c41170472238a84c22b56e07de8b4a2e9392ef5738eb19b1d98e0ecc1f74588c0f1e82b599a176a07598ed1ecef6f2dda8b85955a2ed06c5be1779de1a4b1edeb1881b7fb6787f09d0fc0f7764b6b9b527cdea7d1d40eaea32b6470de1a0ee7f36fbb8806c841bafc0f9149ec4c74667b29bcd1983de6f1da3f50f1caab6d51114cb351551111551111154444445155111551154445d7aeac6411ba695c1ac60b92797ea785973af38c6aadf8c56b68e07110466ee78dceca6cf90f3b5f2b47126fdd1c8fb830cce4ae58acbf10f378d18dc5c760fb9c80cd7cc6c9b1da9ccebc74b11ddbbc07cd74846f3b803f7bd170fa18e9e36c5134358d16007e6799ed5f386d0474d136189b958c16038f6927893bc95dd5e471ddc4e24af6d96ceba8c60bb1b7ba3ea76b8ea7d922229552444444444444445af6d863c2829f3b40323ce58c1dd9ad72e75b801efd07158fd81c6aaeadaf754b7aa3296499434126f99a08d1c069a8e6b832343ee6aadb6c529b39b4e1741a6789e03debb0d3714445daa88888888b50db1d916d58e9e1b32a1badc6824b6e04f3e4ef7f66de8b97b03850a9acf6892cf209233423dd0ee5a4ec5ed33a63e695376cecb805c2c640dde083fde0e238efe6b6f5a76de6ce978f3ea6bb658ece7e5dee6b6e43c7db6fc469c02ca6c863e2ba9f31b095966c8d16f5be901f44efefb8e0a38dce06e3bc378fbabb6b86392316a80501c1cdf95dfc4e9cb72ceaa88a6598a222222fa44444514554445514426da9445a9f942c6fcde9c40c3e967bb74ded8ce8e70b71d6c3c792c86c5e0428a98070f4b259f29e46da33b9a34efb9e2b57d9f6fca78b3eaddac505b20e170e2211f02fef1dabd2d411f6dc5fe03eeb5adbfe9a06d9067839fc48c1bfb4799444453ac944444444458676d0c02b050dcf4845f41d5072e6b13ddaaf090335db227c95b82b4049dc066782cca2c76358a474903a794f55bb80b66738ee6b4732b19b29b4e2bd92bba3e8fa322fd6cc0b48241bd86ba1b85e1700ebbaaedb6794c4660dec8c09c33f53e0bb38b604caa9a2965eb322cc4476eaba425b62ed7502dbadafc0e61ad005868070ec5e75b0988cb5988cf50f2e2dc8e005cd9ad73d9d1b40dc2c03bdc4f15bdc75cd74ce806ae635af3c86626c2fcf406dc885c46f6b85e1854f3562db679607885e6b700fdb5c48e673d6a34a2eea222955144444444444445e638bc2707c49b53183e6f3121cd1b8024748db7668e6fbb815e9cb0bb55848aca57c3f3bd68cf295bab7dfa83d84a8a5617370cc64af747da5b0cb764c58ec1c371d7c330b2314a1cd0e69b8201046e208b8217dad3bc9b62c65a7753bfd784d803bfa33eadff848737bacb715db1e1ed0e0a0b559dd6799d13b31e7b0f88c514445d2815444444515511155af6dde21e6f41258d9d27a269ddebdee477343be0b615a07947267a9a4a26fce7663df23c46d3e16728a675d61a7baabfd190b65b5303b2189e0dc4fa5167f6030ef37a165c59d2fa577b43aa3c1a1bef5b32e38a30d68681600000720340b9148d68680d0aacf33a695d2bb371279ac5e398b47470ba694e8340d1eb39e7735a39e9e16256ab82edccb354471cf07471ce6d138075c9bd81cced1e09d2e00b5c2c6ed04a711c623a3b9e8a3765701cdbd794f79cb97d9ed592f29004228e46b4011486d6d3286e421a3b3aa3dcab3e471ab81c079ed5b567b142d11c3236af94135af7450dca695273ae59516fc8b8e49035a5c48000b924d801bee4f00ba0cc6217c324f1bdaf6459b339a6e2ec687100f1d08f7ab24819ac26b5ce1502bfdf2e7a2c92d3f0a92866c5257421ee9dad7173ef78aedcb1bf28bdf358817b5b7d974366b1ba8968ab6aa47136ce63dfd57f465c4379345d961dfcd71f928c3b2b25aa3f39c636ff08b3dc4f792dfbaa0eb2fb9941bd6bfc19b2c568323b16d1b81c09750907701a2f8db2865afc463a0612191b439e7e8e6177bcf737201da7b567a8b08870ca39eee25ae2f7b9c40cd6232b19da6d61da49dd7b2d6a4aeaa86aa4c4a0609e393a466501c4881921635dd51703d18d403bcdf815cf4d535388c8d9ea99d153c273b23b3809661ea7adabec779b5ac2dc4a883d80b9fae38e806df78e9456a586430b222e02268178022a5fa8a1c6f57018535c56236731e761026825a77191e439b7b375b1ca1dd9c6fda56cfb315269a333548719aa489a421bea447d5cd7b5ac2e728b900eed17db8b5ce0e9238e420920c8c63f2926e4b491a6bc92479712e71b93a93dab33f110d68b831dfa72cc9d36557b697b67a92da1752f10732320360ae34c721a679d6e3d012eebd836d62468fb923d1db57ea380e4772eed3d5324687b5c0875edc2e468458eb716370b52b2e3300be61a3810e0e1bdae073022fda351c78a959d2e6bdb6f23ef4f3e38673ac2ca76491e7f6d56f68b5583199d84e6b480eebda3ca7b0806edefb9d37eba66683158a60d0d737396dcb3334bdbcc10388e2b4e1b5453770fd15392cf24789186ef7eab22888ac28111111179bcbfd031e16d19536eebcceb1f1e91b7ee5e84b48f2ab4a7a286a1beb324cb7e41c3303e063f8adbe82a44b1472fd631af1edb41fd541160e733c79ad4b71eb60867d685a78b72e6085d8515514eb2d5444445111111168153e9f68983846d17ec2c88bc7e2705e80b42d9e6e7c7ea8fd16c9f031b3f550cdfd3c569f46e02776c8dde640f4257a1a22299662f2dd82d71798bbd6b4c7da320bfe65667cad37fa1c67fcf03df1bff65add5d43f0ec664786df339e5ad1c5b3025b6f688f7159df2941cda08227b8b9fd236e78b9ed89c1c7dee543fda7b7de8beb1cdaf48d9a61dd706d3c01af2c3985d8dbdaf31e1d1c42f9a6c8d206fcad6873adcf5ca3da58bc56234986c586b3faf9c1925fb2c033baff007433b431dc97163985cd50d6ccf781545edc90070f4100639cd69bea1c4966a6da9038ae5c268ea64966acae6b9ae2c30b039b93d6195c5ade0d6b73ebb897af259455ced8390d7c4e8a1818c8accd1781ba4b88dafc0329b5a3327234246142b8b672be3f935944c7da5a89ba3781eb3637101ef3d99006dff62baecd99aa05d1d3546581e7ac0ca59669fa718de6da69bedc370c960780c5484ca1e6491c0b59d5b060768e3bce6791a69ccac8acf9ad81a5a050e1fe31dbb788533ed0192bcc0707127b43538e008068dc8577e60a46c6c4191c44e58da18d76e71b5c97e9b8925c7c57dc92b9dab9c4f79257c22cd7c8e7124eaa9d31a9c4f9a2222e17a8888888a02439af69b3987334d81d4b5cd3a1dfa38aa8ba6b8b4870cc2f166f07c544804521f497701d52d0e0d26d636ca5d940361dbc8db36b48048707b5e58e17b101a4ea2c747823e0b65c1ab3a589a4b817868120b58892c09041ddf9725f4760b5f5cdbaeef0f3fbef5996bb3dc37db91f2f2cb666b24888b41525adf940a7e930e9bec80efbae17f85d4d839ba4c3a02780737c1af701f0b2c8ed2b2f43503fc897fe05603c98bef416e533c7bdad77eaa03f9a382d36f6ba35c363c1e6d20fa2db11114eb317d228888888a222ab43d9c3971eaa1cdb2fc5f1b96f8bcfc9e8368c7291bff284dbf1302866fe9e2b4fa3716ceddb1bbc883e955e8c888a6598b175b82c134d1d448cccf8bd53736d0ddb71b8d8ea2fb8ad0ea6b0e258d45183786171207cd22275deef6881e1956f5b515be6f4534a0d8b63394f27bbaad3ef21681e4be92eea8a8792d6362e8f36ed1dd6241e6033f12ad2e2f6b06b89f7e0b6fa3c3996696d2e35ba2eb75a17674e7e65677a5748e7c8f01ae73aee68160d7340616ebbc8cb6278d97d12b8698598001603769974be872f0246b6ed5ccbe5e5717bcb8ea7de5829a806032444451a22222222222222222222222222ef6cfd4164ce8b2dc3eefcc09bb006b5a011bb2df76bbddbb795d15cb871fe93175b27adaebd6d2fd19b69aea75fa3a6aae581e5b3b69ae1a7d7fcecc70514ed0e8dc0ecf4c56e2888bea561ac66d1bad435079412ff00c0ad7bc9836d404f399e7f0b07e8b27b7738661d393c5a1bf79ed6feabafe4fe12cc361bef76777817b80f859407f3870faad46e1d1ae3b5e072692b6344514eb2d544444511551111681e500f415b49596d039a0ffa720711e21e56feb59f28787f4d40f7017311128ee170ff00c2e27d9514e2ac3ef25a1d172b63b532f646ad3c1c08faadac1bea17d2d7f62711f39a189c4ddcc1d1bb9e660b027bc653e2b605234de00854e589d148e8dd98247258ec6f0e6d553be071203c5ae3520820836e36202ea60982b68694c1159c7ace25c2c1f216d85c0dc3468ee0b38897456baaf44d208faaaf66b5a695a5169d061738681d11d39ba31e02cf3a701d8b97e4ba8faafc6cfdd60369eae587146426aa68e19723dd694b7235ce21d94ee68160bbdb05894f2555445d2be68197c923c97107380ceb1d7acdcc6dd9c1640b1d9cbeed0e7b56e3e29c59fafab6940ec9d9134ceb4aee591f92aa3eaff1b53e4ca8faafc6cfdd7d6dcd44bd1b29a99c44f33ce50d765764630b9c73022c3d5f7aebf93ec79d550ba199c4cb0ef27d674477124ef2082d3dc2fa95dfc059efdca1e6797255eb39b37c40a52b88c6b4ad03b3cab51c41d8b93e4da8faa3f7a3fe657e4f9fea5df7a2fe75cfb5187d4cce674539862607bde58e73642e03aa05b78dfbcf13d8b49d988ebab9923e3ac943a2744407cb265766cc4df53bb28d2d63aae1f60803a974f35359c3a584cb7d800a56a1d854902b43babb82db8e1f3fd4bfdf0ffd8870f9ff00c3c9ef83fec592da5a2a89e011d34823717b73bf339b68ec73652dd6f7b69a5f9ad0e81957515b3d136b27f46260d7196419dd1bc31a1d63a037d48493a3a169a51dcc7d979642eb446e79734531350ec0618e07dd345b47984ffe1e4f7c1ff627994df5127feafe759ca4a594d2362964225e8f2b9ec3d60fb5b30711bfb6cb4af25f57354cb34934f2bc46d00073dce69ce4dc9049d465d3bca1e8d8439a3b58ef1fc5711c8f7c32ca2ef629f36353414c75598f3397ea64f733f994f3697ea24f70fdd743ca6d4cd4ee865867963cd76b9ad7b9adead8dec0efeb1f82ee6cdb5b5151d353d5543990bb2b9b339ce6cad7c7a16b4d8b4877307d50bcfc3a1bf76aee6dfe2a4a3fe185a0d2841d1d81069426b854e5cf2069f7e6f2fd4c9f7572d0d3482789c61796826f719435c45849db61985bed5f780be7ca2e213c14a0c176e67e57bdbbdadb1b0bfcdb9e3d96e2b5fd97c5ba59e06b2b26121b74b0d43cb98fb0ebf44ed75e4d758f6e963d36c514530a1351ff001fa8f7b9238e59aca67a0a76b2bc721ad2b4dd5f1c0d57a7a222d7580b45f2ad57969a2846f9242eb736b1b63f17b56d384d37434f145f571b19e2d68056918a9f3fc723886b1d3db3f2bc673bbf110c3dcbd09411e2f73bc16a5b475566861d685e7f7777fea1445514eb2d111111144444557ccb18702d70b8208239822c42fa511179f6c7cc70fc465a091dd491d78c9e2edec3ed334ef0d0bd2168be513087398cad86e2482d988dfd1b4dc3bbdaef813c967f65f1a6d6d3365160f1d591bf465035f03a11d85411761c63f11c16adbffd446db60cce0fdce1afee18f962566d1114eb2968d8eecd554f8832ac7405918686b5e5dab584b8e76e43aeaeddd8b73a781b1b72b1a1a3934003dc17322e1ac0d248d5589ad2f99ac6ba9468a0a6cdfb569957b312d5d699ab046e8434b58d649235cd0092d36ca2e7537d78f6058fc1f646ae8eb3a784c592ee194c923bd0b8faa6ecb93a03de17a1a2e3a86d6baab2de939dac31e17697698d29c2b9ed39eb9d5743168a47c12321c99dcd2d19ef975d0df2ebbafe2b58d87d9ca9a07c81ee88b1e05ece717e66df2db402dd637f05bb22edcc05c1db1578ed4f8e17c22947678638658eefbae297365396d9ac6d7dd9ada5edc168f80eccd6d3d7baade6121ee717d9cff5647667e41946b7dd75bea23e30e209d120b53e163d8da51c286a34f7f45d6accf91dd165cf6397313973dbab7b6b6bad4761f666a68247991d118e46ea1a5c5e1cd3d5b7540b759d7f05bba23980b83b62f22b4be389f10a51f4aedc310b4ddb7d9ca8af746d88c4d6477377b9f72e75afa0691601a38f12bb1161d5ce9d8e90d3c6ce91b24a617482494b1b601c5c05dba0165b522e4c42f1754a945ba411362a0a0040c3e6cf5ceb88d840581da2c3669ba3929dec0f617666499ba29237801cd7817bee1c3dcb5dc3f62e5f3d6d64bd0c4d6b9ae11439b2e661b8b020068b804efe3b97a022f4c4d26a57915be68a331b282a08ad31a1cc57c75a91a22c663f89b6929a49ddf35bd51f4a4f98df1365935e6bb5752ec4ebe3c3e13e8e37132386ece3d777b02e07da2e1c9257dd6e19e8960b309e601d83462e3b1a33fb7d0aeef934c3ddd1c95b26af99c4349de630e25c7da7dfee85bbae1a5a76c51b628c59ac68634726b4582e65ec6cb8d01716cb49b4cee94eb96e1a0e48a222ed5655111111455444551455117c3d81c08201041041dc41de179c481f81d7e768269a63a81ad9b7be5fe365c91cda7b4dbd2574717c323ab85d04a2ed76e3c5ae1b9cd3c08ffe28e46170c33192bb62b5085c5b20ab1d8386eda378cc2ef535436563648dc1cd700e6b86a0b4ee2173af31c1b139706a8349577740e24b5e0121a09d1ed3f47e90df7d7f8bd22099af687b08735c01041b820ee20a4725fe2b9b6590d9dc286f31d8b5c3223e8464415cc888a45511111111111111111111111111111111116b9b57b4d1d047c1d3387523bf3f9efe4d1f1dc3b397383454a92185f33c4718a92ba9b73b49e69174311f4ef1a5b52c61b8cf6e6773473ee5761b67bcce1e9241e96500b89d4b1bbc32fcf89edee0b19b1db3ef965f946b6ee91c73461c350778791c3ec8e035e56de544c05cebeef0fbad0b54ac822f8484d757b86a4683f4b7cce28aa8aa9d65a888888aa22222288888aa28aa22228888b1f8d613156446295b71bdaedce63b839a781fcf715a2d3d4d56072f47283352b8e845c80389693eabb4d5a743f15e94b8ea69d92b0c72343dae162d70b823b944f8ef1bc0d0ed57ac96e3134c520bd19cda76ed69d0fbcf15c58562f0d5c7d242f0e1c47ce69e4e6ef695905e75896c74d4aff38c3247023fbbcdadaf7b02747377755def2b9f09dbf0d77435f1189e0d8bc35d96ff006987ac3c2e3b97826a60f14f4533fa3bac064b23afb767f58e2dd788e4b7e45d5a2ad8a66e785ed7b79b4823e1b97694cb30820d0e688888bc44444444444444580c6b6b29692e1f26670feee3b39d7edd6cdf1216a32e25886304b20674301d0bae5a1c3ed4b6b9dfeab477a89d335a68313b02bf67e8e9656f58eec33e67603c353e0b35b55b68c82f052da59cf5411d6631dbac6deb3bec8f1e47a9b33b24f73fcf31025f29399b1bb5ca7817df424700341f0197d9ad938688077f592dac6470d4730c1f307c7b56c2bc6c65c6f3f97bd54b25b2285861b25687bce3de76e1f2b7863b75445114cb2d5451544511111154444451155111115444511544451544445174714c220aa6e59e26bf91f9cdfe178d47815df45e1008a15d35ce610e69a11b168355b00f85e64a0a9730f2738b7c3a4670ec217c3313c66974921e9c0e393a4d3f8a320f89baf41451750077491c1697e2b23c5276b641fa863e0e143eab43a7f2941a72cf4af61e4d7027eeb80b2c833ca351bb7b666f7b5bfa38ada2685af167b43bbc03f9ae94981d238dcd3407b4c51dff0025e5d9464ef24ebfa3ddde85cde0faff00e82c39f28745fe69ff004ff72bab51e52a99a3a914ceef0c68f8389f82d806cfd1ff008483fda67ecbb10e19033d48236ff0c6c1f904bb2fcc39275bd1c3289e78bc0f4155a5ff00fbaac9ff00b2d11d7739c24907e10db2e3760d8bd6ff00689ba161ded0eb7579648f7fb4bd089553a927bce27cbd13f126c7f910b5bbcf6cf377d96a983ec252c167480cef1c5f60c07b231a7debada58c000000000d0016007605f4a2958c6b051a28a8cf6996775e95c5c77fbf45511174a1451111115444445154444444444511111545111111111154511111551111544511115511115451111551111155111115451111111111551111111111154444444444444444444444444444444444444444444444444444444288888888888888888a22222a88888888888888888bffd9),
(200, 'Mothers', 'Even', 'Further', 'Away', 0xffd8ffe000104a46494600010100000100010000ffdb0084000a07081512111510141212181119120f141512121018141a1f111a1819191821211c1c212e251c1f2b1f16182638262b2f3135353723313b403b343f2e343531010c0c0c100f101c12121e342424243d34343634343434343434343634343434363134343431343431343434313431343434343434343434343434343434343434ffc000110800b400b403012200021101031101ffc4001b00000300030101000000000000000000000001020306070504ffc40038100001040101040805000a030000000000010002031104120506213113224151617181a107143252911623426292b1b2c1d1f072a2c3ffc4001b01000301010101010000000000000000000002030104050607ffc400341100020201030105050607010000000000000102110304122131051351618122417191f0141523a1b1d132425282c1e1f106ffda000c03010002110311003f00d310842f28fd041084200109d2602cb1946c549d2a011495b1d63152295d254b2c7d82a452b422c6d845254b252548b33bb2292a59292a5b62f7663a495909109ac938d090842c304842131808421000842100098080150095b1e31b0015009808a4ad968c4549d269d25b28a22a42749a0751152293422cdda4d229521161b49a4a955229162b8914910ae94d2d4c9ca2410910b210a084e9917112108413121084c6026125402c634558c05602402a091b2f14201342a4ad968c4549a13583a40842103021084002108400909a10613492a4885a2b4490910a925a992944c64295908504274ce692a121084c20c2b01485612365b1a1a684c2467445004d09ac29408421030210840022bfda5ea6c0d8efcb9db137876b9f56033b4ae9f1ec0d9ec7370cc71995cc246ae32168e6ed5d9eddb5c95f1e0964e5708f235dda98b4b35069ca5d697b978b38e217b3bd3b2462653a106dbc1d193cf41ec3e46c2f187f751945c5b4cf430e68e6c71c91e8d585782085d570360626063365cb6c65e74eb748ce906b3fb2d6d1e5e5d96b2e7ee662e5b639603d13480ed51b453d8458e0791e5c6974fd9655d79f03c6fbfb4ea74e2f6f4dd5c70725496e7bd3b987163e9a27b9f182039a4759b6681e1cc5f05f26cadc9cac8a25a2361fda96da6bc1bcff009293c3352db5c9dd0ed2d34b177bbd25e7c7a5753573e6a4aea18bf0de268b96779eda8da183ded5c9b8189231c2299e1e0703d235e01f115cbf0aab4d928e3976ee8ee95bf3a7472b21410beccfc37432be17fd6d7169ae46bb4782f9147a3a67a36a71528f466342a42d23430ac290a825674406a9485495978a04d7bfbb1bb5266c9c2db134f5e522f8fdadef3fc96f3fa118241843dfd369b2ee9417d7dc5bcabd15a18273568f3755dafa6d3cfbb95b7efa575f1394b5b66803774001c4af49fb0325b1f4aec69837bcc4ee5de47301745d93bbd8fb358ec89dcd2f174f22801d8183ee3f9597606f77cde4ba011696697b9ae26ddc2b98e439aa474cb85374d9c19bb6b249ca5a7c7ba11eadf1f2faf91c848ae6803c16edb4f764e46d596089a5915b247bc37aad0e00903c4926878f705b50dd6d9c2e02c6f48d66b75c87586fdc4df2f6491d34db7e474e5edbd3e38c1b4db924e97349f89f3eea62b367ece765c829ce6f4aeb1c74d7eadbeb7f972f9371e09323265da12f1e6c6dfdc6aebc00e1ebe0ab7df3ba73060e3b9aed6e638963816e9e4d1c3b399f40b66c37c1898a007b7a289ba5ef041eb8faaebf6893cbc576c62ad25d23fa9f399b2cbba96492f6f33f947c3d7a7a1a266ec697696d4949648cc76f544ae8c8058ca6f549144976a23c0dad83f42700db5ae709185ba8b666970ed1a9aeb02fc82866fe35cf96a17358d8dce6b9eea739f603069ae177deb4a7c72cd97d017b84933da6416437a42e2ee23f741f4e2a6fbb4eeb73675e38eae6b6b93c5182555f9b7e9f48e81be785f32dc78187aee9c385710181a7538f80d43d4af277936f363d1b371dfa40e8e392469e218348d23c6b9fe3bd7dd95b4008ce34520641044d6646581c4550d11d7ed9f6f35a8e3ec339992ff940e6e3b5cc02479200e03893cc9be343d934e4efd9eac9e8f146977cea30b6afa5be8df9d552e7c4e8736d2c7c18d9039e5ce6b1ad6c6debc8ea1c380ed3e3417c33646d1c820431371e33675cceb7d7fc78d7957aac4f185b218669e4d53baceb775e571edd2deef1fc95a66d1f899952b9c20647147c9a6b5bc78d9eafb2a4e7b57b4ebe072e0c0f24bf063b9ff54ba7a2fdecdbdfb90f9a8e466ccfedaec0ef0d44ff0025f5ecfd8b8bb335e43a670b696974af6801b60d0000b3c02e453ed0c8949749913127ee95c7db92f8841dee75f92e6efe1176a3c9ec7dd7abc91d93cbecbea924bf6fd0f5b78768b72b2e6c868a63ddd5b1474001809f46af2cf2540524572b96e767bb8f0ac78d635d12a31a4a925a2d0c2b0a02b48cac0a0bd7dded8cecc9d91341039bdf5c1b18e67fb0f15e534715d6f62623365603a7947eb5c03a41dbacf260f2ff0025570e3df2e7a2ea71769eb1e9f154399cb88af3f1f42778b6bb36663b7160004ba0e91cf4b3ee777926fdd6bfb873564cf952bfaac85ee7bdc6c925c389fe172f3f65e3bb3b265ca98dc6c6c934c790a1c983bb957902bcf82773d871a36f5a59585c00faab846df2b24fe3b97439bdca5eef71e563d245629e1bb9badd2f8f2ff23ebde7dbcfcd949e2210698cee1de7c4ad8fe1ae30689b2dd41ad0230e26b87d6f24ff000af237a70d9891438438cb5d34cfef71b0c1e43aff009f159326690618c38ec3238464643c76bde416b3d35b6fcbc111b8cdb972d1b976e5d2c7162f663275fda9f5f57f3b36ddbdbdd143107c3a257173981c1d6d0e005eaaf31c16b30ecfbc676d2cb99e44a4b840c769323ac96027bb87d20700b566e4d4463ae0656c84dfda086ff5bbf2b6ace91d362ba7008c5c789b8f0348faa434c2ff0040787f9b5bbf7bb623d27d96318438dcf97ef6bdcbcadf8785fc35b76d197a4338eab88d2d735b41add3a406f775050ff3c57dd91396470636a686d37224d765a659388d4071351e915e257defdd6c87e3e335919b774b23c9ea86b9c5b5aaff00740f75b1377470e20c33c9d702de5f28635e6ec920f671ae056471cd8f9b59a686df7f5e172f8b4bfcd7c4f2b74f611c997e6240ee81b239faa414e926ef23ed1c7dc7695f7fe8339f9724f2cc031d2c92344561d4e37449e5cfb2d79fbd9be4d6c471301c0700d390ca0d637ba3ef3e3c876786a393b7f2e567472654ce611440768b1dc740163cd6cb26282daf925874fda1a893c98fd84d52bf0f91d381d9a6376ce13e300dd3ae3190d0fd40dd93764d8e3dcbc3de0df7c7c38be576788e4940a0e61b899e248fadde03d4f61e68dc48c726059800390fc2496ad7f2c4be3ffcfcdbfc5c96aeebccc53192690cd912be490f373cd9f21f68f00b2f2421724e4e4ed9f43874f8f0c76c150248414a5992914d25a88c8942109c9882b5215058c681b3ee26cde9f359a85b580cae15c3ab5a7dc85edfc48da6649c62b7e88c34b877bde3fb34fb95f6fc2bc4d314f39ed73231e4d1a8ff0050fc2d4a712666638b58e739f2bdc1b5c74eaf6002eb4b6e249756785392cbda13c92fe1c4abd5fd3366c98861ec70de1d2e4399a8d71a22ebd1a00f32562f86fb2b5ccfc923ab18a6df6c8473f41fcc2fbf7df674f9391141044e2c647a8bb835b6e35ccf0e01a16c9bb7b2fe4f11b13882e1adf239bc89249f6143d15a38ef27923cccbaa51d1ba7ede46dbf149ffae0e75b6c9ccda8e60b20ccd8457669a638fb38acb2ececd74d3e33617812cfa9ee2c21a581c48ebf2d3d6bf4f455b8b174db47a423e9134a7ccf01eef5e96f67c477626549851e2b5f23047fad7cc43439ec0fa2d0db35a876a48454939375c9d1aad44b064860c7152a8af9fd247ac771617470b5cf7873053dcca1ac93a8dddd71f65799bd38587a715ba9c1acd35086bdadae409279fe7c5727ceda336548679e42f791a401d56359f6b5bddc560254e7a851750474e9fb1f2674a5aac8dfbe979f99d0f687c497591042dd35c1d292e37e2d69feeb49da9b4e4c990cb2b8b9fc871a007701d817c485cf3cd39f567b3a6eced3e9b9c71a7e3d582108523bc108420d0421080121352502b1148a652299119108421312b00ac2c6158430c6cde371f7a63c563b1e70446e739cd903755120021c071ae1d8b60cadf2c0c565633439cee3d1c4ce885f7b89034fe0f92e51eaa1c15a1a89c63b51e6ea3b23065c8f23be7aabe19be667c577e8a8f15824afa8ca5cd07fe20027f2b64dd9daf3666c79277b819cc7982dad0d008d5a4003b852e2ce80bb801eabb17c3b8346c8736f513f32687023abcbfdef5d18b2393a6cf1b5fa2860829c234ad7d7262f85f8f5f312903898e307cac9fea6ae51b672ba7cfc99aec3f2262d3fb9ac86ff00d69763dd33f2fb2259ff00772e5fe1691ff9ae218b1d13e6b26eb1a45b0c7bed7649f83af97fc3d28b92b4a3e49af3d9f5f0551434210b070421080042108004210801245352b513931148a65492b51193250921390b00ac158d50286820e8c88d2a41541233a22d32c0ec5b86e4ef3b313543283d13cead605d3a80363b410072ee5a6a69a1378e5b909a9d363d4e278a6b86745deddefc6388fc5c5b25e1cd25ac2c6358e36ee60593c7878ae591369dc17d7202be56378daa4b23c9cb3cfc5a1c7a5a8c2df376fa9f6315a962a5ce7b51e8084210302108400210840024848940ad8152534ad3244a4c0a825325414c91094849a49ad25608084200a05502b182a8158d158c8b053520aab4ad168c84f09323549acb376a6ed8d35369ac2a98d0921068269210658212b496d0ae43b492b45ad484720b524a09524ad4894a404a9426988b7624210985042108004c142494d4e8b05502b1a60a1a1e322ed3500a7695a2aa45da14da76b28a290d095a2d6506e1da14da768a33705a12b4895b46398ed22522549299225290c95284d6936ec4842130a08421000842100084210008421068d0842c63229342129442548420d2508420c6242485a4d8249a102b121084c6021084002108401fffd9),
(300, 'Burger King', 'far', 'far', 'away', 0x89504e470d0a1a0a0000000d49484452000000df000000e20803000000f9c3e26d000000f3504c5445fffffffaaf18185494ee1d23ee1c23ed1d21ed0000faaa00faac00faa900ed151dfff8f8ed1c1e00438cee0814ee0f1aef4448004c90f15a5d00498fef3237084f91fdebeb00418bef393af9bfc0ed0008f48285fcdede6787b1fac8c8ee2027f37477fbd6d7f03e43f4f7faced8e5fefffffef5e5feecd0fffcf5fbbc4bfeefd8f59193f7abacfde4e51a5796e7ecf3a3b5cefddeafd6dee9f26a6d8da4c35b7eacfde6c1fccf88406ca1ef292ff8b8b97f99bca8b9d0b6c4d8fbc26033649df69ea0f59495f14f53839bbdfddaa4fab42efcca79fbbf56fcd494f36e71f16163fbc76f003a885f81aefbb83d3b69a0f37c7de285320e00001e5349444154789cdd9d095be2bc16802b4a80565a1081a12aca32888a3b881b82288ea357c7ffff6b6e9636cdd6364574e6def33dcff70ca8d0b7e7e46c4913c3f87af9d93a3e6b8f4efa0f0f37375b5b6f5b5b373737fd93db51fbb8f5f31bbefe0ba5d5beed0fc647a57cbe542a222941c9e7ab50fe83a5347eeb8fcefe17298f470f837215629553a954b988b08ae3cb37acb8511bc96834ba3de96f0dfe1cfda734e8b75b7ffb8af5e5ece42d95f7c8ca5063a9c1c3c9e82cdc187fb6daa3fed6e5cde87f80f1f876ab982f2134a4b5fc78eb565b33ad333826ff69633debff2951b6e2e53c46d73afe579578d61f578b04ae549d8bed1f96e39371be982270a5c1edff159b61b407f9920757fdbf836b9d1c9131972ae6c727c77ffb72162cad7e91a82e55cadf9cfdedab59b41cdff8a32e7f74a26397ddeefeeec5c5c5e9e9e3e3e3e9c5c5ee6ea7fbe51739b7307497a398dfed5c3c0eefde67d95cc6972cfe7f2e3bdb7b7abce87ccb052792d64dd5a71bb4237eafbbfbf834cb41ae6c76c9932c920c4245ef917fef0dff2dc87e89ea2e7cd8752f86ef59068cc8afe1f3c57ed7e8ecef9e0e5f678812436732b3a78b6f24889251d9f32af9cb50dded3fbfe732029aaf3f6898b3d7e75d3cf8f64fa17e7dc6dcafd3bf3f228f2ff39ecf4c858dbbdda725351b4ff93edcc5bfde39bda36accdefd652df6ab65cf34fbea6c787f988d83a39099ec1341ec5efcf2fe289b597afc7b4a6c1f51d35406f3eee34c17ce479c7936d919fa4335937dfe4b84fd2aa12b9695a6d979ca6492c0f93843f2e7dd679f309b7dfc4e2c4fcec6bef2b654a6b9ff2b99ea1825664fc947745f733ef4d2b78fc37ede1b792595f23aafb96c76369b0f7029b3e759e42e8d27b9bb6f35d2d6c04f352f15b9587708e9969eefe6c4432adcf73ee93d4bdffa46159ea588f252d5bee2a7a7300dc93d5fcce6b44fa2422f83e90636907bfa2ebc13cfb194cb8a88ded9cb2c657e759e731157af23dec775031f95d9fb1ebcad7c846d3e42b7923935eee6709d9c649ebd0f7c0ecc203bfb8641d8baf4fde68dfcc32e52de7ba7fb29db2432f33eb2c3dca96f003c3ef287deadfcc30be856e030e98869f43c92f56f196b09d9f72fc66b7b0d88544931f48670cc41dbdcffac6d62f107db2ef769d9d7afc5cbfb9e455109fd8257021dfbfe029487ef139177fefddca9fcc50b9391ef388fe47c938cb90e34ce45e0f986b8ff2e7e5c56fae685098d0b63d9717696b2f0bfaed15d041dfe2478cb4ef76453cf7c1d9e679cc53f72c2898c125fd4023c2764803e0a97ba2236ac7abfcc3e7dbcb20a0f5f09c4fbb508bcd92b2c8985f41c56c0d9d9afe7af2be96f238c13bb942c4ca9860b719d4b7c7c41edb5bda7d3fd2f8d7da3a8b187a8323025bef86c522681c212726f78baff956458686048c978d8a5e4607adf5d88ebf4c8beb55378e6692f55543422904bc1e9a2e4cbe765cbe496beb5097aeca59ca9aa22acdf21d77967a0d47a0168906d363cd547ab6c361a954fe2b5fc9c33afa8d59f3195c127c273abedee7157f3a2acc3eb83df4d40e4a5f619be4b1f4f51cdee2297924317f5a9d0801cc993aeda0e6b93f3751b00db3697893860bd3e37de96679dc52dc50fd1c56550cbeb746ef56533d9bd67bdd1666d6e1a461a00d7f1c97c31416f4e3c1ad7c78a3ed92b569a0f9a1c0db36999a4559fec341d30318c75918d08984f83d475e615aef3825ae77372f5419bfce54d3cc4a0357ae7575069b69976c3f9d2ce3c78ad542adcb760a561df9934f4e9ea0da2ed5cb9c81e57b044f02dcf65a1be6f510ebe21a2caa19193447d506f7b3a7a3bac1d14b0d65602e1f91cdbb50358672d395ebfe4577c8ac187234216b7ed74d587268ab46cd2306ad041b26884afc7f039bf27bdfb2b871aa89d18ef2c1f11d87164279d4a2de709e35bf6e9423b4bae03110e0a722294cfc5bf57a01a0449f17e1e797825551f17873e3cfa8cf84e3c9acc7b8c8c01d661bdd6ebf5ae1b16795d53f0d95786c4570794cf4ac87753f44383eaa77b587da86dbe1f533764734bc36867d2b82fc0800d5cd745d94843c19776e02fbc5464be0a98577f6d1a1a54d689d547da21c388e187bd4974f0aedc9b70a8a5034701ee793e84b6bd765f23fa11f8367d3e739a0cefa71f1a8a8a4eae37fa62bc0b84bb8b1d7107ae1bb0799aa8b17ce6cb7d8dc9a105be6bd77f799f8ccfb7ce94ca771a1dac3edcc60b314f68951aab201adb121dd4e094e1330bfc5f087c3ffc97e030111ef59dcac8eed9241e7e8f0afd6533b3679db2bb0794d11ab07ccd28be035f7df64e223ce38f17d9cb97ca1f130cacbfbdacc896d98bf69554264045874399061f1c8ff780fe4932ef795b8a722ec68517f1661da1ae458140bbcbd553e32ddbe72a3eab7e70cdf11995358a071a89f05a3e5e59959879de056b3097e5e05ef523b8d108c1c317cbf36df676d661e8b867f9cc0dd74f5ecca4d503752e55f53a4e45c28216b044fa934aa3cef5122c931d7b26ae587139eea2729cf2a5d7efa736c9435d8e6fd9a637c44ca6bda0e3a28e0dd43cb5e11a9335135ffbf60775733b7640970657f78d8a6555ead7d7e45a83f89086c1d14b3f793e2a6ed216cc56d9cfccd46b398742077616959f58b5dff0fe3b69cf0f8003f2f626639d8e792dfe952a3f43e5838acf4918da837ee083fa17f6b8301715092abd1717d85c8803bff14fce03f5d94dd9f9a9f800e75f5805fe4ec437f0d5570d598a1bc04586b94a6f0aa80f600027069b372e8b11208ccf045cfeb9cc80828d047834b4878c3eaf5c8fd19c617c005719bdd328324fdce0e284cc63b377bea9caaf6d3c3203be35660027a9defda25dd973c1f29e89d11c96355975dec54007d90cdce041f027567db2061d28e0f8906b75d6eebd10c0c4f7a6c37fa69e50f5950761bfd2791a86c359d7f79386c8673205022262cc1378deaf52db68bac49e393ea7b051ab040394f201abc2b427f4233c1d7df9a8d5d4617070c8c13a0e9b4bc06783f56910ae969d7378f9f4c50bfabbebdf266a48f897bea9915fc37a96cd104ccd28714cd5a72c6ba3e5055ee42a12544c533e7b03ddfe0f9b41baa72f5c3c72d6391fcbf185e59fe82baed920b3ae75893475292996b8c4c9bab34a04590be5f3c6063551fbc338771816831d8ede7bd75a7cc6010308a420aa9096afbeb0d81e293f285f5de69b52cf3009feed251ff3f219e7811f86b72d5e4e6232eb4ff005af1bc6957f955e5b4f8bcf6af4243e2370a2b64e94f77b66badee570d2741d1a5d23f9ae3cfb44f16fdbb755afafcec712055fa5765070c1b6cc67d1c9169d0e459b9a674a03ceba2e40870e69fc4f8ee2a3ce0ed9d10ae523faabc1e2c175957c05834c40c00ac25c67f9bcefdc045e6a0b341ce89b1f1cc2524f562a30ee121cbf771cc537a52f0f035d92321c4a7d63e39af68a583e9856d3090896cfdcf62fa3869b1c8e8e7ba175ad967956c0aa8f5389e443a907ed45b8c89a83f146fc2716aa619e8fc940193e37487b1a0558791574e23bf52ea9238ddf4ec2472395899ad0c60b1d6f6e9039c6f315289fcd453b6b53affd4253cfb0d47a5e3eda6a315d9c4d6f04c13e98f789e5434db27513f7b2cf9376e3911c5735cc33f8605d3ef7fa9ce279c5c235533e50c38ae34b235b5e46bdecebf9164d9cf8b94baaa87ca0c8bafe286c9bdbcd8dcd447ccbb6ffaff495570b1d32e5df957fb134a9811f27f1a51d92d5d679346bb351afd56a0dadeeeed8374f6570afad21276da64d58b0fc4ec447c5a1219829c34dbb5731ac4aade0dbec0a30783ed37681bd762f286db3475788e0d6ce796fd38894e320379372cfcac13670826f74a773f12dbb2fdee731f52d0cf8001a6ed0ca46c38cf2a1c176f5d113bd637d6715dded7420abf0266c1f44196ee03dc5ca16c671613615b589e6e05b763d7762f14d9934573e34081f3249303da84bd76ca129a7d5b42cab2e6e7e8408adfcf8e4e570c306d254f10a4c8fe6e15bb6bd7a2eac790d6fc10ebaa3b08a37d726aaa0666d00570547041c28fe044b8b7a4f76f8d5a6c04e2b7c354c17b4f9d26cf66c1788072ed80a3684876f402d7434f5a2e8106058a06f9714c3ef831d755c2cba4f101f3816fb0706b4b655fa4d83e82aa0f10344d2a5d3f64bc89f3ed0e8c04caa6cd894088d86c04e6196ac1ddf6bb0f06501d73160e54ad260dab5a3b3c80930a3e9900243fe96460736fa057cf6cb75a3d6a4dab43792f0593ca0e7647600a7421b6c4f22e98c17104b970eab2382dc9a9df3a37ca43ab6e858844578023ec11afd9667e305b8b6639aa6039d3bf82dcf021d72ea9cba1a78e99099dc11e56393cf808f14b1e7be022141123ea3c2f59b69526d5d6f4c9bebcdb50fd955367a2f306c336f346d1dbc74c842917e51e15e24be0fff3548905fe3faafc2cc87b971ed66abf7928665df0abb6c6eaa871736db426b87548999b315f90a66f032199f5109966dc6cc47a208e7e081c0f0ed681927545f88870a3a1379a67326f055bcb4298dda5e517c8afea071e8cf47c4ac153bdc767d2f16f05d87b996d555d3318398e186a8ef2ce02b326f0b7cbe79e20114c5b7a9e0330e4921918e9e2ca8305188f2559461cf845ec9be6a4e9b5768de177eb903a62185e148e93e05be9ea73eb06328f9ae4ce60d99cfa8fc40cdfb98185760320acaa71a7c366806c9296ab0adae4e430776e05eca6cedcef2591f1e1ece10557cf48d5543ecbf78529f4c62667ab895833e5f4db64e077c2459d21324d74576b920e57376ee5defdfa6179e253efa865360f85692adec7b71147c3fa4b4051492d5f0633afcb83d0982fcc509d26c87cc98307ce44e4efc377073cbe70b9d5c55637385bbc727ab0fe834e3196915033eb6f7c2e49fecd7da683295e1c3665fb1e9eb46c007940ead7130b56db729d6e4a873a1e06b8aea0baf8242e498090fec9225351f9a0cdf64f856116e6dd9f79e66daf0f8a08393afc4aaede025912bc8ff89a3b1aee06b88eaf31c804a2af503955d04c51117fe42f956cc6dc30af856810d8b0bfa6282f9604ed99c880aaaf4501b879a7a5a9c39af29f80e04e7497aa8f27d6bf47696f9948e4a101e52e5103eb4ba88a18517e6acaa852c762b5c4de412d5425917278206557c5742ec53a43f303c4c51305c0da98f82f0c02ff864fccb4efdf0f09e5956bb06839212cfcfc778b0eb0dc22759027fb50abe43c13c850cd36a4cce119ae3dd05a5bb7e087a2fdcbc34131ff0eb5e903a9981bfe4f1e4118756c28042081fdf5150f0f5043e26c33cbcde68a2a72458052bf9e8c491b0e23388ef84cfa07c2bb65551f1499ebb326902d7f4160a28f856b8a5010abedfc2f0f30d103564f91e6138df654a936fea27872849fe70453a476cd0c18b20697538df8ab9125c92826f9d4770fc06cb813ae556f205e19d5ff622f1f905d20a9e80bbb205ba02ef52ae51579884f908be1527988496f92ca13072fd3b78afae98947ca980ef2d922f5877736ea0aa9cd1a00d7e08d1ec37b3be3a8a6fc5a6b348329fe85ea8c39d932f527fc1d7931a1ce6dca885027311e07e882d8629d3848fe65ba1499ccc5717f9fcaf99932f6afc59dbb436f36b06abf7319d4e15fd1358712f6bf3adf8715ee6132b5bda3f5a3c9fc5f40763135c617d750c9f1f06653e293cf8de764ebe3fa17cd736c54bbbb1458f30ff10c7972633bb0a3e0183ea2fa46511c3171adf6b4d104c44a83a4487bd838360d6c0122650e2f8a043b6f4f8fcafae2c926fc571994924c57ad20a0c74c8cd34bd81584bcab782a79634ec93a62f1ba82963da42cf7e4e3ef64e2b7a7035e0cd26985e7e766f27e55b713f74f898754a13987716361a7c7918c717925f3397b12dfbca06086628490af3e224e6436611ef3fe5276d93f185d547be1529fb0ddcb276ece1a66672be15d090eb5b31fec900029fe2f258be52149f0d7eabfa3afc9352d8820af3f0a59d89cdbf96f317a9244ec8570de54bdb213d390b70b3e9d882e6e28340c24b39ff4caf6e0b5fafc117e4d7a1fd17139861cb1376785f82d734cec727e11a52fd003d0c3f422a5cfdb4aa6cfeff61ec53d93fb34121b4ed2c3e09f609fda9f876a4de355784c1a48afd99a95c87cdac9d50f43f4d17ec703eb372c00e7211053fd2b0383e459e025efc717278ef72784179c8c956c0573c11f81cb03de15c561d867286ef5a5cea81d73ceaf199aab519029fa5c853a0391d4c7a938d1fd26a0a5a1e7272c3f0f1f30f369872559d35b942d3e6019f95161e11262b18b4f8cc693420e99fbda866364ddb755db93b11b23e84e99f7105e007d8e03c66e3b7d76e08f80e5c1ec44bf0b5f8ec8f46a4c1123e29024688e45c89dc067cdcdad63a6798bda69f85057c15c93a4978d2e3dba1736e117c727f3e5c429eb462fabba9bcf2378ccd0df68130ca272ec372bc0558ba7cc64104a0c7a7af4047f5b09dc1f5e7d5cf8da1755a9c963cbebad2b924e133cedd10ba607eec5c6f6d417a35ec317f667e25a5dcb45b7c50d1e7bb12306876afcf674cc32639289fb5aa65a1aba10b1798f9313e40f8b22238498f6f22389760ea23019f7515b2c82d989fde8c5b76868d33625d0693a02957ef8a4180f05580f836f5ce09f86086252fc0e4f9e03888d520588f98b066129894eac93853c9f75b2862996d2092f0a1f23186cf68d8d163d08e9ef37c600c34af78744cc927269eec361089f894cf4bf37c46651a61a336581327e32a9b9b4c3970cb3850d5f6cf4abea6c0c0cee525e38315641c1f7aaa404d08d3e317216b69ece00d05d2346d66034451b1e1928a4f5c63cc2d2d4dc8676ca800856ddbacc9b6b8f07ad571c195384b6ca195794e01ef7af4424c2a589dac7eb258c127ac1117b6784aca07b3cc583e28f50fbc991d16b45dd3ea8b3c4b7c0893e61dfc2e4c276d93789d142325f9f10e05df86e05cf8a9313d3e7635724106546ebb57a94d3e7e9f9ffffeb8efd5541ed372984051038e836f3b5321a906a0cc77a86c707e828f99dcf025642541b4acd9100f2b77fba302030b1936276c849707a023f0b952e209783b49ce873a49029fba588d9606406be5601e3c9dc24168191f36be32e6d14dd5ae44229f2956b5ae107eb4f81c7eb5bc542ccdb36b22e4a9a0e7b070918d1f63c0fd04364353a4d822dff215ff8664497a7ce7fc1f098f55c5cee2ec3e0ea5e383d6f1fa0a9249ed209f502025cd253b00a50790243e713c8aa9df5c7cc63df7f328f575779ff772996c563a9905e0a9bb65b757aff76c44f961e3f5544c092f4c522bf978b1a5a6b61e9f34be3e985f00223d15c8468ffe12ce14b0808d4a98e5347eaa0cfd13fa79f40336c2cb4ff77f119f4c70e03d31139a50ee3ffee2f7a7177e8edd0bd2df3d5972e3ebef679ee5136bc0183e7915a466ff45befec614df79fb5cf100126413cf11940ef5b8b2c9f8b3a077c183a6e015f56c0921a53062ae120ba8c5a76ee659f55a5d0edcddd3d76c4e3edc25239e9900fda745f81a684300e43fc9a59db0062ad610b17c22a0169ff6c665bbcfefe2a1093e9fb8575e1dc7039c2cee2013dfb0bda2f48c3350a1888fe71300f5f874d83a8f7711e708cae73e4d1d18fb00c04f3080c306a0ebf18e183eb1c8d5e0e30175f8e21761742f86d2691778bf7395797a59730598261dbb75d7a40b2efa5c88e7771ed4e1e30025bea9c4978ed97347f2941ed2f3ee053dad20c36c0838be21830a6668804c751d7e0027689970062a7461b4f85840918f4c2b737c91cf79ec42c5298f8ac2bb72fa7b946599e8dece174b27588787e8c1eaab97b56de08226e3a93803e5773f93f842f649a780d2a4d28ec017b12346e7347cc4913d8d8da7ace45d90ff2f1d91c0764d828c30a9c719285f44887c57626f420494f8ee393e074c43ba5de1e7c962c9ed327c1e2c16cffa4a6352dc598d5aad21a4af9c81a6ca6c952bf0a5af2c69177f0ff040cd474201e17300785147868bd8f364bda3d73c58669f327f896ed449c36326c4f32142e4db0e1e0753030a7cdeaa07c8e700f7e55a551774e9e1b711e2f94bb2a7b8427d98b0ba15b2351d17e253e5483e6ecd0b073851f07939840535a784eb3ceec5c32dd16c9aec299e51a8cfd3e18d727bac16c7c75649f68ac4170e28cfdf9a5e67d4921e8840b2ff3ccbe96d62ef9d7ce8a98f719e67d5142745e5aeeb5c17865bcaa4e293278f3c5ded887c51dbe7c50f39567d24dc65d917582ecb29414a478a1ddcda9c876146a0abe293a7de3d050a7ca1131fdd8b57ed239c19f579db5333a53b7fddfee58fe53ed998fb8d20cb56f3856c23810c34e033c19a324fe95e44e5956ac17fe81dd6c31ee73856e0c161f81f6914de722330586b204eb2fbd3dcca3dac91357a7c68a5834a79104ecb9ff0ea23ce939c7ac88676de2f067cf24cd84fde8e69161ac617ecb1ade083b1c03c5094a973c1c1f1466a05b2e5366b9d5c6f8c11d5c1155c0e13740a43f98c0d1910c5ba82e9b8aa2d09e6324b22f83014ef38be2c5b176da9f9943b98b6f891eaef3f1fce677c888078fdd90fb0d69303dd9c9ac3e2391712fa58dfd9ae2af14276c97ae06f86b71c3482cf78117e8813e79e22bd4ce82d05219919397429c7ee483d9662036f7bbc1cf363d53b3b278acf58e37e6aab1fb1df7d9d5b735888753e4b838f1e83a3a73e668b53f6d722f9b82755ec6d45fed5192608e24a2148e410c50cdbd315339718f549239058a838132d2c83daf19f34324141c2eb3cbe6ba65fe1425269729846f617fbe921d619b1479d380207f17c46bd095c176dd125b6d4d139af0b38fa100f3e72bc2ee73a8d8710eb0cdffed9680977247f12cf871eefb83f90f629bbf8e4a0f3059d5f6a74c83fb963a8c37c67c8c91544847400cd46c4f3c9f2f941e70b76972abc56085dcc0e915c2306a739d193b50ae99e7e7ed0513c949779c6f9ce9da03108197cca352e818cf2317c71e7b9ecc248b7203888875ce7ae62ec858606a93d2d0a775f147c913b0c751f75cb553d3c94b79c92c070c77d91b22ac2571cb739f9b1d80a15f82236f3dd7fcd2c4e754b9ef686182f37e42f324c7bea13e13861352ff3b9617b822c58754b64ec75c951e239e10c94b0c8a7b5fdec9f72381f08f12efb4f8b55dd12e956efe23e767626cc140d42aaa29033b70461d21e9e4fb9270892cede8255878e20dda7b629ce63de845ba7d6dee48185b27ce8618890b1a79c2df894646030d85dc2cacb8ae7f3f4c37c8bdee6c886b05d2de64b8b0f43b0d259f4f9e14bb927a3fb4a9477279e1b75128aa73c4d5325c1511084cf04f646d4964e8b3a61db936c7617564358794be21c343db15d21518999fa1e613e1b34958de7403a0be5cbbc764f97f019a6b9a174e8d728547bb1919d152fca633eb252b4fd1676e88ce177461622d9d929a183a6291f4617a1bd6278d9204b2bd01ff229ad93a37cb11c01d8992d4a85bf9e085de65d71345684f65247898ee5204182b411cf6e4ad8a3aa562f53795d9493c1e32ef7ae3ad52c427b1a890b2fb7798f6f34c8fbe1341f7532cbee6c51469acdec29cf6c0bf79c61a74d46098aa2e5b7dba33c930b55230f87785c480e93cdbdaacf58ba89c02b69463e56d0c44c59c8844a975121a6fbfcd9da289b993daa0f4afcf9169ab540df12d6518a92d691228b2d1f45dbf9676adb6c261b7ade5e6b1c9a732608ecbc1c2b0da2aa9c3e0c647fbede4436377b0a3f4cb05d0cab18b0fa223c7b94a85b38a5cb384fbc3b5c8a5a08a1505cee3df2d4b69308c799246f1145ed90cb1aceaa737aa7c5984547a70fa30f27fdf916e159748b06b584b8e4fc402798764e87b30c14657991456499a5d7f863e1db4711430fe2258e0cac84142365ed64af73f138bcdb9b2d6572b95c064b0ee9f5fd6ef878d1d13853f6e743a46d46c7640d09abb65453dc91d2ed76f777a1eceb5051691f45848514e9407f4e1e4200c3d7d22c4e5a5bd1ca5b005e44bd1cb6966661725b8c1c799f374e22110d8152ffeb08db7fa24d13ba9685e0c1fb18517515bf88f0ec321f15d2b1f63e11187889aabb8aa59bc58fc3b341358eae5c9a3bac2bbeaf14f175c5fce05331489276bcee60ceb9d0bb7a1c1964cba5a3fec2be6ea441972afe59f0b0f839881eedc5fcf8640188c7fd6294a9f8529ae710cd18894924a012f3979f436cdd5ee663220291b81a663e19c5de598878d46fcf6739c72797551dd5a16f5998e3142e611c179152c8508b839376b282b335ba39caebc1a1ccf0ebf2a69b181bf56e70b154fd73737ba6a3c8d6d9e8665c2d69992596ea1cad167d89b7519f11da6ae9e8f2a63f6a1fab9509c9fa5be3623e011bba755f649bf4aa0691c5a644592c95f2d5f2f8f26debe6e6a18fe5e1666b707994cf4332cd9b4545aff0fc9cdc26be2a0c5a2e06025f25ff08a4bcc5e61121d27ad31a850b97ef501e91b8aaf32bc47fc0e87ba4af91432d52cad5fe5c3dceb9a5b5f58d84e5fcd7f70a24d1c9f21744f76781a5d0bf4608e9be38e44511fef962c2bf4a870907d524f94752bac1dfa543e24fef2e5c4af92fe87ccc23687a7ed1665a86f5f27785730d696f9574336f1db852e9edef1b262f3f4703cdfa34162e3f18fd43aa0ba4753bf8ac168ba5e2dbbf09472451252eb155c737737637be538e6fb7c6096b3b54268e6f46ff86bbd491e376ff0d96e6b194a800ce578b6ff376a5feaa1cb76f1f06e3721e71e2a236902254186e606cf5475a7d9a7f575aade3f6e8f604b525dededeb6a0a04ec5c968d43efe7ab0ff02dc5da7459390c66b0000000049454e44ae426082),
(400, 'Pizza Hut', 'far', 'far', 'away', 0x89504e470d0a1a0a0000000d49484452000000e1000000e10803000000096d22480000016e504c5445ffffff000000ff0000ffcc0001804effca00fbfbfbeaeaeaf1f1f1f5f5f5e1e1e16c6c6cf8f8f8e4e4e4edededd6d6d6b1b1b1cecece9c9c9cb8b8b8bebebec7c7c7d3d3d38787879494944b4b4b3535357777773a3a3a5f5f5fc4c4c44c4c4c111111a8a8a81b1b1b2626268a8a8a4040406666662222222c2c2c7e7e7eed00005454546900009a0000e20000db0000bc00008000003d00004e0000a60000cf0000740000ffd43efffbed970000320000250000c200005d0000150000007941fff1c5ffdf79fff4d2ffeaa7fff8e0ffdb66ffd6d62c00001f0000ad0000480000ffd753ffe283ffe69affefbcffebebe75757ffa3a3ffb4b4ff3939ff7575002323620000001212ba3434705353ff2424f57b7bc9b6b67b8a8aff6b6bff5656ffd0d0642323ff2f2fff4a4affabab543e3e7d66662b1a1a3c1a1abcdacc9bc7b49c8888d5e6de4396709c7a7a4b9b765a3838bca0a06eac8fa0c8b5e3dcc74f400b94803ca78600e0b300624e00f4bc4c600000166349444154789cd55de97fdbc891254489f7099ee22582222951d4694bb264cb926ccb877cc899ccc48927cec4d98dbd331e7b67267b24fbdf2feeaeea6e000d1224e8f7c13f8b38d80f5d5df5aabad18c44160ed966d82d980de2d958e4f56bfdbf5231e4b6048f54b93990a4c1ef9696bed1fe6cb7c26e50a088979b0dc9c0dda5a5a5dfab1f295229ec5605856469d4930054864b4f2291a2b41e0bbb69012093afaf4a18c71ac3a5d7919824c961376f5ac44bcd758a9e74eb5027b8f46d26a29a6d3cec264e836a7d8d6627dd3add5bb2f05da42f49f5b05b392992e5748fa577b8bb04f1fbb2246d86ddd28990971b0c3be9f6f5d6128d27eae7f9b05beb17b952b3cbb03bbfbfcfd2d386e21f24a916768bfd2096af8fd9ce938ef9f434bc510f87dd6a61e4ca69c66d6af4ce9cd869d851cff83aa41b77e449d2c1911b3d1547ea498bafbf13a5268fdd5d4f7a2ab6d413bb0bad6b32fc917777fb70cf9b9e86dbead99db05938225e4e6fb2ec6e1d5cef7a33b370a05e910e9b081f71b9c5b2bbbde3ea5738d857afea25c226c3438126776ffb5ad0301176b56bcb61b3e1200bc99ddf3e38f36198085bcf16d44cd3a4eb76f61ce3b9089e6b77593c33cdebec9efaf2290ed0548d54089b10033da59d64d8b138d56ed50e9b108d8ad6aad340082e9de9e6900c9b12858116f68221a8eb364952c2a684510ace46cd70210d16aa9811d344f64e40049796ce0da7dcaa57c3266643d6c44b6004976e91c0da2c67c226a721a9b565aa10887188a4515bc9864d303252db711d1c413d814218d48aa1bad678b036aae29a55f01bc3522e34866d49fa638036aa61eb3ecb51753d722a148245f5bbff142c411547c7e73c9252ad327fd7a366f46fbf0f9ca1da8f6707b7781cbbe9f27cedb52a497ff8f30c08ead83ddce693accc91e15092decd8aa08eb3031ec95e7d5e312425497f9959175a383a7dca213928cc6548a6a5c6eb5913d4b0b7f39c43b239fbdab11a0bf3dfcd83a18add9ddb9c8e9467acd047527d2e5d6862eb90437238cbea6a526a457e9823438de43587647d66f1a32f659fcc97a04e72ff3e2307c6334a4286f2bcbbd02279b64d93eccda82343e8428be43ea3066ab3f03a7f0d8da146f2f02e1d3e02e7f83e4c821a764f9f618eed404b1f9927df86cd70494b4330c9d57250d38fd5e6a6c08ce73cb0b5ffb73f428e8d202ae6c6545a4035e000f03b19ad459a9a62d998e63d0e9b17c0f7ef7375b2a865ba55479982b1c2e2563836bab575747d7a70fb5cba77bc838ad03fc422c5a6b9ec6a9ab50e0979c3b8497015604166bb7bd7a7c7f7717cb8076b7cdfbfd7d796693d39794127de372de1cdf4b368a2d83dda3f3dbe7d8b5fb7c123e507bd0fcacac4513156b3eeeb77727e126c1ded1f1e3fbfe7c04ce236e59b89fb4ee7275b373d9831b3eb9d034e02e100eceea6e157b0d64ede0f6a928922b6b57bb673b0cdadaf0933fc6e7282656b0dd7f97ee0d4f68eae0fb66ff34a31224031f9c9a4fc52f632a78300abdb9a0bd97e7ed76ba079003ef1bf4fc82f36b2ee762b1803dddb3fd4025a20786adff5db6f5e4f48902c053a9c8e983ad00e4fb7e984673adcd76deadffefacdfb8973fcaaadf78ea730d0dda39d63df3ec41be7a7fffec39ffffe7ee2d1a722692fa3bc3ba94653c9bd990139a9db4a2baf27b54b1bc44027cb22ce0eef3f7369a47f6cac0e6bb252aaa492992092c0d4c0baf17dff067ac49f54f189de4663b5ddac2ba572311578a129634bb47bfe34dad6dee1f154eea4d75a5359952ad5d44c57b795ed45e87e0c74ef8c0d034f9bcd0f02bcba8d717a542f1453d9dc3c1641c7dbd617df150d815b473bf739bae4c3bba41a51938e1ccf3f8cfa72a1184f24e7bab8dbd6d882227beffa98ef513e5aefbf64fe833ef4e347597917d2c2a7aced61cebd47e0d6fea9631ef0d148447ffaf439127967deb1f1e1edcfa57235d4d52325bb856fdc5da8e6529cf5f28f3febb3b49f3f7db9b8f8a2ad211effe7bb6a7eea0016006c11ea2ad276392e05e137bd977efae5e26279795965180b6f390c46dc5e6fffccd1c5eceebb749d09bdf2fcf9178ddef2f2c54f61d3222016eae0628e0eb98b7928fcaa75a0c56f79f997b06911d82a9497e76e9d89d4169eaebefdb9a239fe4f16bfe5e5cf61f3b290b22df436ed62b68e44d8fdfaf1b794e94a48072e5f7c0a97160191d9542974ef50205dfdf8f3bb0489d99f97490f7e09911382fdc2c439ca93ce0e3cd9fd587b472ddf492c135c2c888d121fba0d6cf3f08d07b9c65ba5c2515b5f00c105b1d1a23da961054175e4f1d6e8109c8f471d877792819359141b55ac669b3a7b6b7ffb9e1bbbd6487149d73e2f9e8dda4350afaeeeedb8161d8672d1a3e8f38f8b05b3d19cfdc2aeaab3f7b92b010d743fc865819cf43320b810b1be6811787e76edac573ebc7d27ba040074e1f222bcd04b524147dbfcf5e3bb94785333e10e423ae3ccb49d689978d6fccd67512113d4204c55caf5a60ac57b178954b153566a4da5585c95d6506c2eb2db39404cf43287cdf0e21ffe2f36da5b52466bb065bdba4bc21c635e8d070765c9111b6365c2a53716433f5e26a1d42b89442edf91fb63fe4377eac722e7cd7f32c55d620f1a18d7a7a93218f1fee28bb871e7d96d5d683478112a56a2f72ad24196b90f788757fbc529ab94b14faaecfef25f3eaee0368402c7a20a9c77ff35102dc26c5cd1ad9583a910c57c39a7246f7f101acc1e6045c7abc83975f8f14633bc178bb8b646815e3fe2ec43fae4a49cf5d9e6b010eabe3e69c7d6daa09600c59928471c147cdba4a24d5e0fe57cd86f15573d09ae634743eddfb03a2aa7c890c32324910a9b9d8e8e17436c627d742cad1970c5fe73180e051df94ea9a028f551babddadadc30ccaa6f3cf13831d4cd356d36ad924d817d44f08bddc8a8078628193a9c3b33d896914c6bb34a6bed76dbc1b537ec3353952ab0a822386784ee8d089a7ce2e493f94c85b4bb6da3ad31ef50c7f7710a38037b19286286161d12160693b437972f96e566532e57f259a1150f9a589299863a80bbc51ea2818ed4c0116290e4b3117d2b2f64953524a9ba3d81b7a934833436b610502b9c1d3012f0b25574083e32b210b8ccfb5004a93e5f06cbee3d693c66fdbf7deef5f866ccf57978185b5d8aff688076f1c130c7db14c982e222cb4cc7adabdbb8b7a666c2150a76037c1808cd4dfb480efa1ee1d5c14924e958341cdf534d98a40ca91c6715596f083703639ef9089edbc04a124a35ab0131051b9ae0064c65ef67ef34a4adc8640dd762df263918d6e44a2e52059a794c5d9d445ba175b1eb4f002e968d2a1b74c39a4aa9e819326af4553c0cb87248b10ec32810d3c09ca1816a4a0af7077514da95de8529e786a65d1de2c8f13a840dce9322aec0490ea29b53cdc039f9267d7f68f185925c73373497d5ecccbe644e68302c9244b9f0ef9d442f7e500a0b7bde019dcd2545dba5a3eb9cc867dccb53104c2c23f2901e60065248bb61bf17c319d198797c39c9196c9b5df4a9772e4340bd820b7c1d57aae01c620d1d8b63e1ca794229c909dd3c7d6ce85625143652edd6e84aa89679d104e7e52d1453a9048a17d61c19ea6e5d21a3b23772f7a54cb2b6b63ad874b25c14cee001ce28c0a9fc3a3a832a4a7037da4df09bd0b2dc55b53f5eefada5bdeb15d680ee35cd50a33aa5643c2f0fb9b707174267ce1a191dfbe163ce501b82f277128e714516527d49b15a9366a6835ad16eb1f58c921d4e18213e19ed9cc848953c1599e183ce514d77dad19b537d4a4fb83d866e40b60006412bc684584205bac22efd2c2bd465d045c5e8b2e660dc9495126b6c313a8b9e949f095b5ba1b04c3f477b974ac4817614b4f7427e886bfe1a36474a2595d0902dcb7535a3c192273de5964324fc62a741357660794434cc28ad42cb78d767e608d57813566adc6d4fbda51270cdd4118aa2698f65f819f50a273d7b82ec2f2b8942eff878a9deaf97b301ac8f26a3aae17c4883e91351365f70399faeccf0f655e682af922606d0c07dfa18cac14d86a827baf0ec04e5477ad83b380b150a01ffee05d4a6acbf4243ceb05234d2e02c4a8a9a40d9a06e27a8a03c548a7f8091c3310ee81bcc620274727014e62931d4a3c388c09cc50cf821f1cdf9691be8558c4a1154a4f00a6cd02a79c643b03fe94163accce0b50b105979691664681433a0d8018a9a4e53d884d2bc57a35d570cc8f55a73385e1d0c06e3744d2e546653c286838ab7a12f1c3b46c109ca2ee248692133e055218b4a65eeb343c8b478f547d063c6988b83d146820b0a912a561761fd900e343478ca0fc43e4324c367623f12da4b6ad69048190822624f0ed43226dc4770ec33860930c79e7516add47a727a00f28bdefa60582f745ca4f3b42b269c81dac58bb3209498b326207c588e54a820a963dc573a71ca8093252d8a305a231828e8eb39f972953d4c1490d585f418f4c4667b54570a956ab55ae8db3f21311b863844734e002acc7ac8641c9ac96bc6613ed41fb001e503da9f5541dfc129dd83f1d5b06c2b634b33b3157eaa594e6860fb51c7463a9091891f3ebb611f984f06eb94acf4c19aec13ac9abb814aa26bf0f6d3801a3f4c04cb8227001c81d56756a870999813439bcaa1cd7605a00d70b6c6542da1fe8492dc0c20eb660b32d3d11b331b5a5a9633bd99524a999ebf81c30be71c66cdc36c99436553009bc35a812345ad7c6dfa3ec4f5065c958e6460a643fb2043e798b9518cca99d450202b854e1ea158ac74caa54241d7db1a9472d641d7596367fa1f82a29e3dae5ba2a92f76a6b5deeb0e6cc7443a7b559e7e3f75dbe8a7cff3a9b2170c4055586de97143137cc0bad576d39540fcbbe5995d26cc44810982b9a12aaa693605be29d52957035ace693b0756c5e5f285a69fb229352763670915e4615bf3fed9093b95412e285e5186ad2e9fb823a8b913235f8d2b480474fd6ed85799f6d71b6c11653bb7785906cfbc2dbe330d55d84bab43bcd8c71a67e0fc83c40e7eb02e4df9fb54248025b4e57d853e32a8755f3b9753094f3152a19cbecbfa86ec80bfb05377aa1bd378535be88f0b4dba6cd5eef85b508ee7bfba549fbaee9cad3f68ceb7191dc07d954010ce2b97d6eb7eab54d4eb177590cbafd5ddb75a368870181a363ec5cf53d1c52cd27d13fc780065029aabef944aa572d1d3e927bb0e0ccd0ef0b922325e503a8984ea4ed2cc7a27abfbe44922233507e4c73b186a6e83616899b9bfdf4bf79c6d1b4ef8db0fd48d7decc96f9a376b8b968ef5f5aa035d26a7d0987c237d9cd2b5bc2fb060ad6c6096175856c14c79bbc27549ea708a1f43a08cd4c78af7b6d32556f4117d5a4621c67959f1c644a3cf0665a4e2f7b2d3085accd9cbd0c4de80d006ed38e6f4ee45af5d98b61085b58bb89fc9d9aa80b6459bba903d1813a95a52c65bdb5a983ef5a58c54dc37d839335325b207b690eb3334b19e00262b35bace23dc1c67e0f2dfbaf07544f7d0418f148e2de5982f571c45a4e98fed1437964982924210c56fbc9a403c7f203298ee297247fdcf82e941da7c7be31834509101d482294d2aac2341ed8dea1e62f6baf92af69f3dde08b0d4272c8e101539d17b30ce2de5189c331a8ead203561ddc4c06407a716619799217b6204412cc3c06156d8cf00b14eadb603cbea0d934f12caecca439b0c201ff0cb5a48758bd7ce4188a1a22108af79e623ba13ed10d84df2ee10c42fe7c2c9081f7a063a607c042e05b53fb4d50a6575393b00c2674b9e9e3fe1ce079aad10aed9c1559354fd1f24cf64758d3d1436f06d884e03428378aa006a8854fd4258cfc02ea4620530528d7b425f3442063bf2d5a0ee52e3dd21905f2147124258bec35537d421d06a25d2191a73c3a4af32fc53e1f8204d0ae227b950315f58cfc02ea446167cf7c3f0936d34d8c157a30a2671e2dc932707926cc27e062ec9a354373305acb94385d3e82a56d9443510cfc05fd5ee1368c64954c54391400f156a5db3514526466a3b1f059fb74ebe9b94d802d90b017e8bb09e81e387d6a4b8e1c6f43b70afd6d423bd7678c0b9fb74bf1863020d4351910bcb29ebb0df53851a5e336b7a0ae68da138b3f308098764557e200b67613414d60f9c375393d9429f7965346df94d7044375ace720d32ad4c3a3c90b58950948a16ea5045ac1849a40a23eeee40768d0616d0d5a195009b28701816d98fa6018886c22536944f36c74ea55be28340755e1d5a1d72418dc80d6240760707f1eb5b68188a860a9c6db9c06e21d0f60a5c6ed300039494ac6cb30ac448416bbba2a92fe3249c60f9fa18f80c4db6c4238afd7f12742c1b0e22ad404149a41e92cb7664a1e5e71aecb5987187133af0091386d620107cf5dc03c08dbb17a763a9623d2db26b1581ed281cd62a6ab120668f49c2d00a87c1fcb82861e8eab8ea8309d61bcaec97401836a3300cad844a30ad38797879f3ea4684a19be312d9ad4ac39a02ff2ab25fc210244b356d42d62be1eeb1ebeaf2e6d1cbc777a2d1e88a8607020c5d24a998f35c5572b82a6f5faf70ceb63bd8bac46668ed3cc16bc9c9d5cdab570f5e98b456a22656561e79337453f18efbf3017ab29e1a40fde0bc6e5f42c5098566d8e535e8e4ea91c52c8ab1b272e7c143e7c65b0c37dd86b5671ff62d410b5d1129c0b16bf950a26d50b4b72b31ad14a41557972f5f44196616bd57572e4d2706e49edbbbd26b1462dc13c138a266223628856f34c2fa30a3c75bcb02ae6e1e441dd869f41e9db8363c622b468fb429efe849d76b3085432f0281796fb49b428fd54e15b5ef576d2bd2fd9a364eaf1e3d8eb25669b18b3eb63d68a65876d63f7af059f3cc7c15de765d5dfaed779832204512b3644277c85f0593059b36ea4dfa6f9d1d979c4a2f7ae7e525b979ad376c36d69c523fad7027244833a9d2a88deb0e4cf518aef0a672bb8aa654361491396fedccff893ab16387de9a3ee22bdc377c34249cb61ee701e775ccabf350b132774d54e3222ae5e4e67fd5abff294a4f35af66a2d5daac478abc577c7c03971e18f70407e84413b797afeeac44ffa55efe2f277aac67e925b203f5df54a4154455078f43fa2854d8fe4bb957af5e986ee59fffc7e94275ec3de2c60529925d57e44132520f6006002f7663942c8c9b3ebfedeae51d47bfa2d37bc1a717d1196e2a5aace907908c288821e3a08076e9f931d2871ef4b8c669a39552adb4d8520d35808c19bf90c1b867c050dc482f1f3847059d5ed443b4745613eab78d2a850032e698c78b5f40770b0e7a0f7aaa75be74919c2646ab5a0caaaf07f0962a7e7799d541c4d30855c9ae5e3a073d83dee34ba176955badd5cd7e10afe1e23c8fe34b2c2b1679e9f7e6852b3f4d94796a4e1b71a7d7517c02af4ae1c813d3d70e3dbfcea3fb8424f50c80b7dee64ef817b83e96c68d87eb8cbab9ce590247437eca9c2b79ad2ff7ea3e11df322b2888e1446b754f6e5eb8077641df3223a042697782f07af5c0bdfb5c03fb1c80f7135bf3be80c2238fd1f7383ceb349144c9a1cfa9bd870f3c9c4b28be9302de7dd2cf1b5e271edd170dbffb74a08a59cffb7c0b0f5d475f58a18f07c45054597b75df8a5ba973de40e3502c157bf8d8abfb66dc669f806b18054e3fd12a126ea36f91bacf00a8a4797bd24bd7ee8baebcf0a1abe706a0693c8a665eddb700b18f0b7b2bdf86bb9e711f7d9af25cc0ee3360cec1bb4f87dfb8765f74e1bc0b467fb33790dddebd3d79e595d65eceabad1322e3ba64d74b59475fbad794161d8fee78f05b18ed3211dca59916dc2fc36ee234f090665a70ff9acdf3e4c63d38849fd84e070fe9a28b97b0db380daedc63dfe28a1751bcf4e0175a5530283cf2187e5fb579ea70edbe85172f0270eec245d6d67ee0340a55f11276d302c22b1ec395e88bcbb01b16181eb20cbf7a6d4d810e865f7f74a071f202115c30f3fc7f36d1f2af8a053e7e0000000049454e44ae426082);
INSERT INTO `restaurants` (`id_restaurants`, `name`, `street`, `city`, `parish`, `image`) VALUES
(500, 'KFC', 'far', 'far', 'away', 0x89504e470d0a1a0a0000000d49484452000000df000000e20802000000417f8508000000097048597300000b1200000b1201d2dd7efc0000200049444154789cec5d077c13d51f7fef2e97a449bad2bde964efbd872c590ac84611141c2022321454642aa8eca16c414086204336b2379455a07befddec75f7fe9fcba5699a5ed2b4b450fee6fb57ffcd8d77efeebef7deeffd264408013beca893c0ecafc58e3a0b3b3beda8bbb0b3d38eba0b3b3beda8bbb0b3d38eba0b3b3beda8bbb0b3d38eba0b3b3beda8bbb0b3d38eba0b3b3beda8bbb0b3d38eba0b3b3beda8bbb0b3d38eba0b3b3beda8bbb0b3d38eba0b3b3beda8bbb0b3d38eba0bceffc7bb21495d427c4cf4b3470909d1a9c989e9e9a9f97959929222a552ce1c8073081e8f2f1239393b8b5dc5ee5edebefefe4181f542c3c21a8684d5e7f31d2084affa26ec30c76b1cb9415164f4b327d7ae9ebb7df3f2c307b7a592120cab32c3104238ce090eaddfa265fb36edba74e8d8c3dbc7cfced43a82d78f9d4aa5e2d68d4b172f9cbc74e19fec9c0cac46998410080d6bd8ad47bfde7d07b76cd501e7fc9fcc2daf295e1b76922479ebe6a5a387f79c3f7354219701080002a032662264b83f86c3b60f8a08211757f7377a0f7a6bf8b8b6edba62985d407f05a8ebec4408e5e5661fdcbfe3d0fe9d9919c910404b8ca4107274748ea8df343ca261704884b78f9f8babbba3c8c94120c0715cad5229954a8542a690cb4a4a0af3f372b2b232d252939212633233d310459a111719a98f507048fdb1ef7e346cc47b2291d34bb9693b0ca8a3ecd48f79e8ceedab07f66e3d73fa884ea7056c032542c8ddc3a763e79eed3b746bd1aa4348687d66908326ff22842084a6ff6536322d4008e572597cecb3470fefdcbb73fdee9dab8505b9a64c353e1d91c879e4984913267de6ededf7929ec27f1e758e9d4c7f6eddb8b862d9bc674f23592763848050e8f8e6a077de1a36ae4ddbce50bf1a624eacde8206e9ff0701a428f2deddebc7fede77f2f841b95c5ad6180248ff379fe7f0f1b4af3e983c83e0f2ec8ba7da469d6227dd975b372e6d5cffc39d9b978dc2a2c96e201239f6ed3fb44fffb73a75eec5e33b941e53632c313e0da55271fdea8553ff1c3a7fe6a85aa332bd0002c0d3d3f7e3a973478f9b8c61989da3b587bac14efdd875f3c6c5b52b173db87fa3e200881068d9bae3e8b11ff61b308caf2765b587c9aaf40922808a8b0bff3af0fb1fbf6fccca4c335e90914a9b366bfbc34f9bc3c21bda095a4b78c5ec64aefef4c98315cbbeba7deb120be320ecdbefedc99fcc6ad2b435b34e7fc954607aa8d3698ffffde7a6f53fa6a624947114002ec19bf1e5f713277f0ea17d10ad79bc4a762284e2e39ead5fbdf4ece92314a2caaf99e977dfa153cf595f2d6dd2b455ad0f9495c1c8d1037f6e5fb76a5151618151798010ddcf15abb67b79fa98cb2276bc185e013b992b66a427ffba7ef9e143bb4892acf84e710eb170c9fa77464e40567448af0208214949f1af1b96fff1fb468d466decb9ababc78a553bba74eb5dfb22c77f082f959d8c9ee8de9d6b7b766d3a77e6284991acaf1101f0e9b479d3677e27934965d212a1d0d1d1c9b94ebd728450f4f3c733a68e4b4e8a63fa8500c02036f6bd8f67cd5d6ab7dad7146876def8643ea85d8ed28d93103dc324ff24dc8e898eb23e1e22049c5d5cf97c4176760640948babc7adc8f4ba66ada1075149f14713df7ef0e01628d3dc836611cd3e0b7983436fb013f4050061a74d4b6976eef76f8728aa96ae82004a87ca48bcf039265142b24aea1f44eb17f9ef4d9afee5ec457553a4532a155fcf9e72eac441d3e57c38721cad0db413f44500316c54fa9ddaf2724000c901791f2f7c8c15e7636a869436be2bc688e8eee13d7ec2a723464d7473f740a88ebe670707c1cab5bb0283427edbb85caf4fa0ff8987d2fd44ea686d206e67e78ba1b6d89903553b88243520abb1a8e17088491fcef864da570e02a17e439d96e2300cfb62d6423737cf1f16cf2ab52881584c7a94933154e75fa79674af1d6a8b9db1985405d9173d96c00c9961e18d7e5abdb341c366afd1c20242f8dec4a95c2e77e177d36953befe461ee1c56e88d79df4ac031d7c5d515b4b0d674454e978a417d9868f9c78e8d8f5868d9abf766b5e08e1e8719357acdcc1c139069f3d002e72726231898927891d55436db1338272221066e36b41f46ccef97ec9fa253f6ee2f305afe92b84100e7e6bf4c2a51b0034f011017084932e015a3b41ab87da62a703c04328918d03208ee3abd7ed1d3d6eb2e521b3d2b75b275e3f8470f8c809c3df9960f809800292a738d9afba5faf2b6a3132c10d702bf55e47885ef6feb27657afde83ca5393b612484a8a62639ec6c53e4b494ec8ca4a2bc8cf2d292952291524a9e370b84291a3bbbba79f7f505878a3a6cd5a376ed292e072abd24186d0960c02d5142d2084f316fc72fffe8d94a438a6f56778491ce51a467fabf61552d5508beca46c18f0c4628f1d7f9c6ad0a899714b7e5eee95cb676fdfbc74efceb5f4f41440fb0b577e2d84804020ead0a9873e24688887a757a5f4a2cd563a25d2a91022f5a4c201ed0ec701180762048458b535ac42a168d5da3f460eedaad369982d2738195335e15c8057afc1ff2c6a511bbf8d484cc3e4d68e8070e79ed3ed3b740700e4e6649d3c71f0f4c9c38f1fdea12ac451540918cee9dea3ff7b13a775e8d483b51d3d2f1594ba0421d2c27886004d5602e25c88f3e8ffc2aa894008a14deb7f5cb3f27b63eb2d48d7b7b5fef6d1d34630daf8da62671e546de0c6593f462010adfbf5404646cae97ffeba79e3df9aed0342a869f376d3bff8ae6bf73ee5223110492a8b804e69e3d0a877e584188707390ef43f36d354abd50e1dd83e3eeea9a11d00ded7060753a26addcd7f0eb5cbce7d444a3494544a0043b84fad99fc10429dbbf6f976e1aae09008fa27a92555f98022abd5967efe2784185704b1ca252284d0ed5b97278ced074bcff6a704933521762f3b5bc0b0b356d6ecb198241aab9c9a462b50edbd2e08e18d6be787f46ff3f3f26fd44aa94e9987285d75dba239466965a43c9b5415224a67ddbd0b42d8be43f79ebd061acf4e87f2385c5acdabff2751f3ec240175929359a79ea546abdaba69c5c9bf77c3179e22187739a49593f25c446a2af53ffc68ea1cd3f8cf9b78815df7693b6a7ecdfe2f9e5b04b52f321c22847c7c035bb7ed141ad6c0c5c56de58a6fa4529b46624b800886864574e8d0516f077ff1919a89392629651ec677851c81a5c91a42d8a265fb96ad3a3ed47bd9010012a1ac00aadd10ff85fbf09f404db21301f41c935cc7f3aaf7fe11003886bf39e89d77274c6ddeb21d0040ad566df9f567995cca16ca4effcfc9c9c5cbcb5b2472c4704ca95016151514141468d42a5a603039a57193665b37ef7274747c91bb33833e461e50aa42c4d5613c272ba4ffe0a399d33e1a6920300477b1c2fea46f0df6e4ff1835c64ebd1fa7e22f22ad5ae7d29e4cbdfb0e99397b6148680366e3995347962efc323727d3183a8c0070e0f3bb76eed6a255bb88f0fa11e11162377758bab4027a599ad4697372b29f443dbe71f3dac58be70b0af24343c37fdbb4bd66a9c9809199290d6d49c7b816bdf77bbd31d0d72f302b3395b9858778716fd29b63cf4d69036a6acd8e8a81760b37410675551d3811007e7e414b96ffdab1534fa01f5d2892fc61f19cdd3b698335b39e4700787b784c1a33ba5fcf6e4e9e4184486c3ddc48ef0f8a488412e2e37cfdfc44c2dad5e32004309e13c67564272842eb562f59bf7689611f022375818d28e75aedd2eb8e1a5bb323009480fc839b2caf2a35f5cb83e123261c3d79a763a79eccab2575ba2fa6bdbb7be706c3e40ce9773fa877ef7dbf6e1cd4af0f8f2fe0085d2af564a65b8210c7b08888fab54d4de67294a604916ad6451202e0ad61e38c1f1382200a2baeed2efd7fe085d989800a90bb88e43ca8aeda7908f0680bfbeea5cb7f13393aebb59ef4ab9d3ff79333a70e9b06428c1df6f6fc2fa6f3793c0800dfd5978e1caf9326174a55c8d8a1ccb64308030283dbb5ef66f8a9777ed582da0a95f97fc28bb25303c93f88e44c4c59554763078170ebefc7070c1a01f560b61fd8b7edefbf761ba54c00409b16cda77d3011e85f3246f03902a7ba690ca465104452ea124bdd1b3078a45195a485542aa67899dd7b4d514d76ea9f332a84eaed44523aa6a82a35ddddbd7edf7b864ed055ca4b84504a62fc8f4be79a4a6e428160dee79f31f3344088e7e4aeffab8eda5a20800539e909b1cf59e7f7defd0643dce00502114c86b297dec1d70fd563270200ddc40b3611f1d9b0caa3667878e30347ae366bdec6640d81288a9a3373925251ee9dcd9ff1b98f97a741fe24088e83531d576447c73e9ff8ee40a9a4c48ca010427777afc64d5a96fe0649d6fd63ecd0a33aec2401d845249de664692165fb408610fd4f8f9e03fefceb92af5fa0d9f276cfae4d8f1ede31ddd2ad43871e9d3b1acfe68ac4b0ce3b48366fd6bc203fe787257358f7b6efd89df9030190099576d1b35254999d08a1e758492226afea904970b933662ddcb4e5905064a67941c5c545eb562f36dd0621fce4fdf74cc38c09814bddcf212e14088383438f1cfafdc6f57fcde777845ab5ee640c3922219506edc36725a8323b2184595069fbf18c03dadbc3c69ff937eae3a973311c37cf810dc0cead6b259232250b42a057972ef502fc8d5b70be10e29cba1f0a87106ad4a80900e0fbf99fa9d5aa72bb0068d6bc8df12704f0166d73b7c31aaa33b313959dc5a41266a6f2aeddfa1e3971fbc79fb7569ccd994349adeee09fdbcdf2c80e1bf8a671d4440071f822f89a384f4484d70700a4a626ecdab1c174f884107a787a8bdd3c8c5b6270e93d4cef14f2da16e5a96d54c792194009adec4508040486b668d5213824acdf9bc342c31a58c99780003a7df2707e7e8ee97e5f6fef164d1a9b1ec5e109d1ebe01709210c0b8b6092826cf9f5a76123de7573f334bdf7b0b08677efe4190e06e0389159406afae9bc5f5d97eb34aac3ce1024f4a71cd22de83809827bf0efab2eae6eb64cc408a16d9b579a1e8800e8dfaba7a90b3a86713082ffbab8ec4644d4a710c22094488a7f59feedb215bf99ec44c161f5efdeb962fc0d01b88d15f4009e3c64cf6ac382eaccec108061ba002e623f57a7d3a6a626da927b112174f9e2e9674f1f986d7da36b67d30d3857f01abd3937b11b87e0304fe9c85fbb1e3fba874a65120440bd7a6166c7931065624a6477fa6443f5f49d508cb8fd753e169e289a3fe723b55a59d9d849a7645fb2e00bb3f22b3e5e5e214141a6c7e13c87d728991b87c37128cd6c0f105ab6689651ac8408fa07d4333b1e025000d4f6819315d5b41541005b53ae8d28f6ea52f171cf562cfbdadad889804452f2c1bb8332d293cb370bda346f5e8e8b0861dcd7665a07fa5b6bdebca5f1d7c3c85b274ffc65181a21f0f6f1aff85814902ccd0e664739bc889d1d0ed1fa8b10bbe4ba67f7af17ce1eb7b41a55a9955326bef5342ad26ccca0d52e8d1a96bf08c20987d768da43000d1b3ad278df1082553f7dabd5681849c6d3cba7e223a1e8c3ec333b0b5ec80b840fb03e3a6fd6e70a015abe6c2ec5ea5186d0c6b5cb1e44de62ad93151e125cae1d886338e7351a5820847dfaf4af171c62dc92969a74ecc83e6617edc65f218933a68f9f7fe93d7d0df042ec840034a55cc4883d3f4c6a4ac2ad1b972a4e64050579bf6f5fc7de20c402fdcad5f98304ef357ba274fc09f6cdfc8546799ad12e69b51afd2e73630400808730685779b2e1053de8e87c2e2d4957f67d105ebb7ace6c2342e8d489432a35bb36ca5dec2a10948b08c339554a8d5457d0b17da74f3ef9dc48b9e4a47846394fd11fab39111d41d5b249fe77f0a2fe9d088030cad1d2879f181f5d71e3fdbbd72c4d633e5e5e54f9b6300eef35d5b67cf2d1b437dee85bba1c021bd62c2928c82d292ea2c872ce1f080057c4b5a76060c58b46bd4104bc000f4310b1c9f5c545451527b2470fee543c923132b9895dcdfc902087784d6b034008972cfa71f0a3070505790002b942b676e5622f6f5fb3e701017447af9ff4f272f0c2911b10e00873b23437416026779614176566b2c76d42089c1dcbaba810c238aff1ace7e4e43c6dea1786e11381fd7b37af5df9bdd9e7ea45f12af55bf8cfa2269e0b4402c49efb8fc3e1980d15f171cfacb424103898fca245340ce7bebe731e4268f0e0b7054c6d06ba1c07ac389384d179bfec4b2276d44c4ca6f50049d31f69694996442cba3a91497a5826a916c46b31c3686d0342c8e7f15ab46c65e93a8cd46e27a725d4003b99a0731b91959961e5603ebf6cc14e3b1e63af814f6765402d5ab4b6748803c283d0eb9a27ff25a046241ea482ec3907b59a7279b01042b93959561a2288322993ae3cc9798d07ce52c0562ddb58da174c893050fd24cbfff7a899995d4a979560815aad361bfc8a8bac655972712a5b154160bea2aab340a5607934003468d0c8d27d1076139155d4c0e05402b45ac8eec520974bccb648a525ac8dd061c4627187d62dcb6dacb5ea9d5502433b7d5a2f7dc22608d56a755151617676566e6e4e6e5e6e7e7e5e414141515181542a4588e2f1f87c3e5f2414f11d8402a1834c6a3138380193a901c905b89da4ac787176a21c4c65297bb1546a9e4c55a964c93240573e0d095eb970818b9369762108d02b6627458b22d9894989a96929e9e9699919691999199999192525c53a9d0e33a416abbc1d4b53b71cea7e2792c66a83848063afc851112fca4e84e89298961eac422e25491d6eb2ee66cccd66e0f3796b962e747172a9f01a5ff2cc4e7f64c5c545376eddb87fffceb367510909f1329914630b55c630f34d4c45644f6f5f0f0f1f4f4feffbf76ee4e55a13b2196442e52e2279b23644aff5b413b41c5ed85604412e5459daab5229552a95d034cf161bdfc283835d9d5d5ef9bb7912f564cbd64d972e5da04c12cb5764a15189667a2bccecb1feb7435dbaf566b67cf7f5a707f76f2f77022b20fd79dfc0f3ed15352be285677604b3308bec84101415e69bb213afb00ca7d7e6385ef1fde9f314632647990fab741a44088da5119863ca727956e116404656c6f2154bfefdf7ac8d678c183c28b45e3db1ab0b0661664eeef13367e3929268f72b43f81e54ab557979d90c7f3b75ea26919644453d32bfedd26e42006ee1059d480f4e1dcec3f34af082ec4412a82bb09a7d2e3b2bdd345c81c7334f4a0d01c8cecd8518e3a98c0cd937f56f09c3392449e6e7e7656567e6e7e71714154a4b4a2432a942ae502a640afdffd16d727962b17b406050e3464d9a376fa10f9ca842198fa3c70f2f5db650a1b0b07661aa5a97b6c7342a914a1bd78f080baec7e4c51d36a0ffacef17df8a8c5cb668d6f6adabf372b34b4a8a499dd6df3fe0bb6f9774eed4a5a0b0f08dde9d753a8d3e41ae43fffe831042c78f1f310ed20a484663254d29171bfbfc1fc18b8e9d77ada60c8010a62427b469d7d9c815a1882507716e5e7e4151b19b8bab4aa349484e8e4b4c4e484e4e4a494dcbcc2a2a91a8d52a56c98f05087008a24387cea3468eebd1bda7a5525ac6d5370260ddba95bf6d5e6f65b8451078b8b9756adbd6c951989a9679ebfe3d8d567bf6d2e5f357ae8e19faf6e4f1e3b85c02c7f13143dfbe1519299114492445cc1a7fd4c8f1b3677fcdc418b989c56ddbb6bf79f32a972076fdbebf51433a1eba4993664b967c6bac3a1287c99a502ef691d3142fcacea718bb86c888b8d8a7c82416ddd959cc32892334e9f32f8502414a7a3a49eaccb8c22af9b103d211a1d7ae5dba7af562a3864de7cefda64debb6a5d7a0f72a95caa4e4c48282422e8f2770e0efdbb7fbe8b1c39663ede971f1fd91ef4c1a3b9a4310cc414525251bb6effce7dc7992a4fef8ebf0f9abd73e183bba77b7ae2919e9c6562084ddbbf7faeedb45a677c8b0b3678f3e0c3569fa8e18b36debafd93986fa241950096ba4e6c2ff115e949d0a0b5622231e3dbc6bfa532cf6a8f80ae8a5557e690e829a309c40089f4747bd3f71f4a04143274e9cec2676bb75ebe6e12307eedfbfa3d36999b19339cc8ad11f0238ff8be9037bf7020066e7e64aa4521f2f4f5767976fbef8bc77b76ecbd76fc8cec9cdcecd59ba7aedb2d5ebcc967b3dbabf61d6a1962d5a23843232d28c92318661ddbaf53c70700f734831d4203b3dcbe345d919800471d05a85a8a8c7f7554a05df41c078e8f8f90756f512ac22243232c8eab9274e1c397efc30b3c236cca126ffb58e7a810141fefeebb6eeb878fd46664e8e3ed937d6a57ddbcf277fd0a175cb3d1bd76ddcb9ebef93a748da6460ae89108bc5665b1a376a82e39ca8a78fb76efb75f2879f301beb37280bf1d341a40614df5ee9d5042f6ac9eca6f3b07e8056abbe77f7baf1a758ec6efbe0405188356e8ecfe3b76bd9b255b3a63c2eaf528d283340567548860024a7a64e9e396bdf91bfb3737331c3308baeddbe33f6e3696bb66c93cb15b33ef978ffe65f9b346850b10fcecee6eb1b8150e8e343178259bf61b554665881797a986891902d5599ff5b78a1b113011880049d751ed738d6ace7674e1de9d2ad8f9e6dd4ad9b9750a90dddc9c93534bc614060c8f5abe70a0b720d6d22e4e9e1d1b96d9b168d1b37080fcbcdcfff6cde3746b9d5c5d9f983b1a307f6e9c3e7d1fee4728562c3f69d474e9eb2917b2e2ee21e3ddef0f3f57b1efdfce2c573a8325b142ba7355aed9f478e1e3a7ea269a3465eee6ec9a9a966a63284909bd8bdc2c342c1c1611919693a9d363b3bd3312c82a9636b72319b6ee13f85176227a363e94d7a29a02e122fb2f4788fffbd6fc0e0119919a9bb776c887efe98a9f0b2e8874d23464d645eff0f8b67efdab10e2120140a167cf94597f6eda1fe9882c2c25d07ff0206a52618dcb7cff4c9938402a1f1458a040e73a67df2f8d9b3c49414eb5d45007cfafe84f163df75f6aec774fce4e97f66cffecc3435b82d522f42482814b56bd749a7d3ddb87199a228c462a8849e5e5e154e04616161d7ae5d0c0d090f0e0e65366278b979dcee246f861af00281000ed1f90910c7d208aa522b278eeb0f4aadd28cf6b0b8a890a1824aa910190236d0375f7cdeb5437b863d672f5e5ab17ea342a984107009eebc199ff5edd10301a4d56a6fdcb977fdcedda7b1b1c525251c1c2f282aaab4933d3a767c77c43bfa0c47863ebed96fe0a68d6b929213989fe1e10dd6affdedf4d993c78e1d49488833caa9a034e3a358ecdea54bb7377af5ebdaa51b4f3f721f3d7678defc591509edecec421b202ac8248d1b35751439ad58b1062f0d69572bcb32a1f2116e77593243cd38504200fb905e9e88779c9351d15f0956f48340e0e09fdb6edef8373ef659417e2e499210c2e0c0c01e9d3aeadf29b5e58fbd3bf6edd7473b80005fdfc55fcf090f0ed16a35078ffff3c7a1bf8a8a4baa645441088d7c6b30281fac0b211a3f7ee2a225df30ed2426c64ba4920f264ef970d2471999e9514fa37273f3743a0d0631770f8f86f51b06eb13289872f1adb786179628a2a39f417dc6b92b97ce30cba38080c08ad48410f4ebfb66870e9d5c5dca6cb6c59222e3aacf19bdaef17db5871a74ef85cd2917918eb38b48b2f2940df64708d2d392e8280efdabc130faffc5ae745c3c49ea7e58b3fee4850b10420cc3c70e7b7bd298d17c3eefc193a81fd6ae4fcbcc84965d7ed8af481ba878cd1a35d47f34e56ce3c3868df8e38f1d4949094c81b995ab576cfd6d2700c0cfd7dfcfc7df4c94ac3846428ef0c34fe61a9debc68de81979ff26002034240cb1a51bc530ccd5a55cec7f6e4eb6f159d19199aca7fd8751b3cee7506d39533f42a06dfbaed3672ec0316cec889eb07c69768840e4e3c7d3e77f9b9b5f909296ce18723ab56dfdee88e1cf62638f9c3c7de1ead54a570e0881d6addb0505061df9fb60599f00701489381c0221f32cc30487b362c5eaf7278e95cba510c291ef8c01a6a799de18abd9492b075c11c40cb2a34261c803dfa061631b299662222e7b219e7de834438db213813b7881a52937203064f79fe798700e0cc3cc3dc9f5d2e8dd078ff4da1fc0f0f5eaad3b7d468c31d399d34529315ca42f8da0d6a8d42a1545af91dd5ab56a337cd8a86e5dbb6fddfe9bd9a5a532194591902da568c3fa0df7ed3dbc6cd9f7c3868decdba77fd56e1721a453034200692b94222ef639d3bd16cd5bdac8b3c42483d48b6876be4e89205f0e6ab4023644195069c9ff424efb7a921c0e87e072dd3d7cf27233cd8f304fb4a00f7c33212686e1c3868e1c3af49d060d1af1f4d19b1445912489002208ae9ede28293979d3a6b5660dab546a894ce64c971946e6dd8330b85ef0d62dbbaa1124020db5bd68d29ffae710a9d3d23910bd7d1aeb0b1b540a8aa2e2e2628c47f952fc1a2a1fffff839a5461e800d200ca5280666141ded5cb6799d1ab69b3d655553cbb89ddffd87df0fb054b9a376bc12b0d2cc6308c20082ec1d5b70631aeb342c7d5e9486634f2f5f62ed51381ec1cbd3e15b1a42c29b51e55f97e91fe9200209954b26ee522a4e7fe4753a6e2b84d4f353e21de18c7e28c0827c0b553d30cb5a060b3ec664b17b5d6a373d7ded6eb579b4dc10e0e82cd9b77356bda9cfd7880309e232ef2c1b88ecd5ab45db96e3741f07a76eefcedcc19862b439893974fb387d4d51401e88b721c20ced1ea74b3664cc8ca4e8710b468d16af8b091364ed077eedc34ce0cc174a108bba1c81c35c94e0e803ccb666208c08d6b1798b49d6ff4196459ef0d47bc33fae08113e3c74f626a1b200466cf9acf545a610702fadae818d366dffe6f5f387773e9d7738a2512837b3200259212082045e96a2ace934e2cca73a6749a1953c75cba780ad28aa4a0756b7ec3715b0de5d7ae5d66fe40008450b55ea6fb75444dca9d10400fc44db75c391321f4e3e2397f1ebee4e5edd7b67db7dbb72e573c72ded70bc68e79972e4bd5b0d198d1e3fff9e7a840201cf1ce286b332f0448a78284c0a8dc11f1392a397c1a1d53ba1f68753a4301a5aa38265b01a2a03cf3a9569a57909504e9522ff5376ddc2616b3278bac08b95c7efbce4d63f742f579fcecf3ba196a7666474194d01a8b2078f4f0ced1c37b010003078f62399f36b4381b958b4181419f7e327dc27b932abbae49f4a67e68d4caf20100576edd2e6b96899487b04a1c40065f2896e1562bcbd5946423444e7977dcd831efeddbf3978f978fed8d5fbf714da331c41478517c913d26930d35ca4e44a742b63e714208962f9b9b9991dab4796b9642fb006cdebc51a7d3953fc5b21b66e98521ce2ded02d0c90b4995f4dec3472969e9a5fb51a09f2f1da6c4e1dae8aca41f6311a5556b15129d424a6a94a87c7709919b83bb3fdfd5a74b9fa15f7fbd80ceb1631bbb98c40ce72f9c364a1de1f4c069173a5950b0ba9e8f0000200049444154b31a25e0831c022841bad5d2f8454505a387f7e03b38b012253e216ef59a9f67cffadaf6eb429c0f3082894842a4469efd5447526bb66c33348f008743d40b08a00395b8b6861c916a85b2201d915ac3d108401c2744629ea31bc070c65e45084ca2ef6d5ef343086572f9850b651176964a97d8519363273337b525c5d6171e1080bcdcccb49404d6f70921f87dd7d6fd07f6d97e599caf77a64448a7282c49bc4969941b76ec8c4f32d49a411004faf91104973e92e0db523f0021549c199f9e9eae54a90d132e8488a234923c5956bc4e297dc1ca96e72f9c31d678f5a0f83ec8c13eadb3a2e6d36835a19ccf826c39d0d9702c3b10028b977c9b9f9ff7f14753ad2c8169dd35e4600e6e0072488d5c9597a091640300761d38f4e791a365631902214101cc9f74ae5a5b6cd910fefcebb663ff1cc7397893faf507f7ebd3bf574f0edd13882852999f4a3abaf39d3dab1e9b6ce8cff973674aff041d48316b237afa5bae62543a01948b0f403695ee4086b4812f542289c9986bab2c53e69a06cb1b444c5e92f916502becc401d69e74bb80e754db9f8191c736fdbae6d4e9131f7f3cad7fbf810c474ddba385409c4751405398aa93e5eb9425fac23f70c5fa8d4719676444e7996144566fa3b7a5d14e6a1d08356fd9f6c4c91388a29e3c7ffef8d9b33d870ecfffe2f3260dea33991b35d23c4aa77170f303b0ca938f46abb975cb102c2040780bcad592a8e11412c4153bb3ed018c6f28e4e0455131da1283a73dc6235c9b3534ddcb7aa2342155999deb181cc073b355c350115a89ac24368975173226a340c0c1c34d141228f0f5e43a39e27c7afaa2743a4d89549199234d4851e6e4336f03230871cb2692f8244d61b1e9c3a0f52ffbfddbd56c3e2d15d0ade2c6a82055edafb3ec8521e0eee1b962e98fad5ab5c3b93cbd6187714646b2cc5844e99843719e8010b8acdeb4f1f75ddb991beed7b3c7c713de3d75e1e26fbbff98387ad49477c7d391ef2e5e5c47b12dd3a842a1e8dcad8d565316aa8fe3f857d3a70decddbbb48b08e70b046e0100e7409b7d8b1042f723ef4e787f3433ecb627ddfaeb7cd9c74e8406ddf85b54cfdf42dcb361bc39daea4d554e3eb3d1ab5bbb1efb3658327c194fb934ead3ecab77fa9ddeeddaac6135477f84e2761c88fc6685f988a1bf02dfddd5af5f77ef1e1d3ddab5e07bb8413667476685a9ca2bc8bff7f8c98a5f9d2382312ec173754ed8779454a8f4763f6c54fa9d5a71c6e6034e1bd2ed45260e071edfb04486203f3f37f2ce35456e822c2bbeec462174700f20842e7cb18fc8b7bed03338aba064f71f3b99a7cde170664ffdc4cbdd83d01754352a3e29adda46a50f1d06e4ed6bba4547924b57afbd71b734c4144252ad94e725235287aab2247a12f5a474b58e2228474b67621c4eeab1b33a8592752f84482b953d5cb246999d6bdca8cac9cfba70dd4af9c7e2a7b1f7e7afc8bff708409071f60aa561c9696523f2ef3c347b920801c77afeed577e37e4fec9763f7f1b38a8b783a73bb4908880d1c33878bafbbfd993f62797ca5c1a4728b2f304dee5d2f5d456a84027d28d87f0ea2d1e10000be7ce5ab5786187d6ad719c83e39cce6ddbd0c3bc4e436a548cf20502c0e1091cc47e5c9118c33900a10387fe64e284e852be010102073acd4189440201b8fbf0e1edfbf71140a45a6edb8206c5c6c6646494abbec08cd8dfadf8392e31d1b891d2aae5b949945665f38dd22d337f6100fa5316131f23927cbc7ce3fdaf7e60356e210a5d1a3d3566d31fa6a5c24b6212af7ef0252ba1291df964f9c6b3fddf8ddf7990546920804f576e79b494bda6992dc8bfffd8a437c8c1dba3e3fac503ae1e0e19f316cead428929457a96242915915441e413ae8ba33429d5746f6d25171602e20dd2eb1f4e054724db70eef2954573667768dd5aa9cf1366f02787405d92e3e011c4d20484e7ce9d32fea2689ad252a7879b3bf359cf5bb67cc38f4b1b8487ea54528e8393d5b10edd8fbcfff98c8f491d8b515ea150ccf8f6fb75cb16e90b2143e69b91e724f25d7c08a18bc5c40d086565678984422727e7f878033b5d10d78ae197d181c8d258b2d821840a1f3f2f78f0d4ec72c2409f0e6b1773ca5586a0214d4ebf35757e416414329d652190a766587b0c9621894f96a7671b9358858c19d272e1975cc72a97674008a59db840a72aba7aa72c3daa096a31f5755b52fc0c9324415955651b08c0852b57df7d6778784888038fef50964c1eea9452adac8810b99a35a954a93233338ca727a7a61516158b5d5d7b74eeb871e7ef6ab55aa9527e36ff9b85736675ed24201c2cea174992dcbe63cbfa0dab487abe069dbbf4eed8b9d7d1237be262a28c0faea8b868ca9773977f3baf75f3660c410142aaa20c5225e38bfd60853298cc44f6d34fcb42c3c2c78e7d4f1fb4044a4335ac03b9b76eca7a40f6c59ba62f1221e4dfaf7bbb35df739d1dcb4b8228fbf2ad9b9fccd3144b80990088804707f684f65ab922edf87963f3948ea4f4f611aeb3a34fafce84a328f3dc55434b186cbbf4abd0f7861bab2e9ab6a32e2ac9387339ffee434942aaa6a81891244728700aade7dba76bc0a0de985ee84a3d7616594e32502baba2d2db0712a0d9c88d5757962f84f5dc86e1e19b7f5ecee170cadd33ed7b0c051ef5705e998e1021b46bf7f6153f2d33d522f5eada65f1dcd910838b7e5e75fae2456303fd7af6983ef39ba0a0e0f217a41bb976fdeaaad5cb6363a39965e7e8b193bf59b892c321743aedf2a55feddeb9c1f4e97170cef4291f0e1f38c060dcd72b6870ae83c0a35e4582161615bdd1bb9356abe1727946036618e9385e675eaeddac4bbd0efeead5b98dd92a07217061e8877ac98fc9e08735fbead3069fbc6796db042114bd69f7e365eb298a65798a107af3e27e97066115af9b7ee6d2b5895f961d59fa021000021faffee7f75e9b382befce0300b18eeb1705bedddf9cf700a80b8b9ffcb42971df314aad2d9fe0c4b09c776914d165c74a8c831f6b3d80f5de9955512d8e9d100027400cd1f91d2052abba4282003c8f8b5bf8f3aa857366426852f9940e2546cabc1481570846f020008f1e3f5cbce4bbe7cf9f96f39f87e8c2d56bc512498f4e1d6393ca293ece5cbc74f6d295962d5bb769d32e2828c4d9c9492697c7c5469fbf7036393991d1047279fc6f17ae7e67d4fb0cf308823b7fc12f2291d3a6f53f18afa22375bf6cdc74f6e2a5f7478d6cdfba258ee1cc3a492dc9e5b9789b2d65f7ecd94917c1864063a20460ad8e670a4224706fdbbc023591a64452a017fb10400e9eee9d362df3e8d0da6cdcd1299477662e4a397ad652a209818fa7734408cb0e0072aedc2e7d09c0743c840028b272fee93454239121049acdf928f0edfe155b2f8a8abef2ee0c654e3ea3d92c4f5ce66f58fc2ceed2c88f1d4383ac9bee6ab7a80504b031e5dc8e74b39eaacec2b9e0fc952b22a160ceb4a9e525128810a5cc4fe588dc376ddbba63e76692a22a96f703800e548a7cf4b8a2bb394591919177ef47de2d7f0afd203904b7df9bc3a64e9f17121a51ba19301cfdfccb05595969470fef36dd18151dfde5f70b1d458ee3860f7d77c43b1806b5b2229eb39729a5f20bf276edde5ef115284125538a5fdf6e189765f6cf387d99d2911000afce6d3a6e5c4a6b6dca372e4bc9b836e9cba2e77196f45c0820ef6eed2d289e5036cd4ef61321809a122900c8a35d8b86d327553c4896967971d4a79aa212002a512d4b53d26529e9d6cdca2fa3e44a3f9d771226cbb79ae6931510c2bf4f9df670739b3476b41941751ad5dcd9d32f5dbf613177a2e12b65d95b3edeae0ccecee2dd7f9e0bafcfc4ac55d80fc1a2651b9e453d8c8b8d326b4d2a93fefafb6e9150387cd00044a7d7214d8a80a10b17ce28158a8aedc9ac0b3c08f9f6e9cafa7e33ce5da11d96470f69fbd37c88e366b379f1f3b84ba33e5515584c7ec1dc9b67e736ac83aa2a375f1297ccfe4ccb94cda0f9bc6990cdb4f168f11a03352b03d394f5e35e063b7100476903771089724856798a8770eb9ebd00828963188f3b7a66d751e4d2556b2eddb851839d44087cf6c5b734352d7cf110401e8fb77ef3817747f5cecd29a78b604e397afaccf04103e9e34ce44e834f694575346db3b0c64e48707c7a76aa7826a5d1e4deb8df72c18cfa1f8d375b492084520e9fba376fb94e2ab76e7140087876645f12118ea201970e54dc2e4bcdb8326126434e8fb6cddddbb5307f5008c933b2d34f5eac413fd597c14ea68cee146de86e22251faaabd1f72dbbf73e78123572c8104f77b7e8f8847d47fe4e4d4f07951968e81503c45ab5eed4b071733e9f9f941877e5d2692da382367fb0a04bb7bea3c74da9cc7602030343f61fb9fae3e239674f1f314bc3149f945c2229117bf8c0f2e64d5f5f3f9686107043d6f482eead9a124e2c99785579856f1cdeecdc20ac62571f2e5c15fddb1e0b1383299053783d819f37eb3e8ec0c1996da994ff20cae8f31531794cc50310bd003f57b3cbeb97544c0d02e84271476b83367263aba1a18710dc7bf4f8dec3c7a5e53341a53e080800a1d071c71f279b356f6bdc58589877f1fca9470f6fa524279694145114c9e339787a7a75e9d677c4e849b6045d4008bdbdfd566fd8939e9e72f9df5337afff7bfeec31a62708a1a4b40cdf8896a6a19510421f1f5f364d1ed65fc7ce0f835cd8a303eb2e8655ac5f915b9b66e0b73d95de0202c0a73b7be3164f4128ef6624f337e4e03e3d3bb1764012c76e79af365e62a93f083d286e18e5188759cbf769f16c937f2b05f3012c5bb1b959f3b6a6cfd1cdcd73f8c8f7868f7cafb4476515ba6db73833470604d41bf7de2723c74cead0d2d790731e826ca906e7f0cc3ae9eeee69b4c333937c10251ca8f3f544e629f4cb8090371b81103db36b711efba01b30f08d90d18393f61fafa4ff007877ef58550b7b2ecd4efa14071f4f8e90ddc4056dcf526d1b5e6e214a080328412c26ade19b60c3f011eff77b73288b82d77c795f85b764665454a994dfcd9b2a97cb4af39781ccacac8a2a0227474782204852ef52888037e24fd0065b970b7962978a2e1a0821556ec1b375db5b2d9ecdda6b0861eb655fe5df7f22894fb6d23e46109684ce9c6b774ba2e3cbae4851025f6fefeeedd5c512797a1673514224b4d4b24ba3889a4db6f3b2cba43a22a286c2ce2c0381868d5b7cb3e0175b83344c3847923a994c5a54985f5458209114cb6412a954a290cb954ab9422e53a9d43a9d5aa3562b14b2fcfc9ce8e74fe472a9e9bdc8a4928a77c721083e9f2f971bfcdc1a53ce5865f7efd5b92dabcd29fbf2adb81d077d7b77f5eede81f5ee703eaffd2fdf9d7ffb43446bd9d8ae82907bbb16b88065d846083d5abab6e0d133a3ee9db917aeb3a37fbf1ec62eeb354a2c8000060dedff68d93a525965e58c25bc6c76562eb2570663252b36fb07bdb549d3d6db769f7010b07fe2462e5214999a9218131d9592149f9696989a92989e969c9f9fab54286862947fb5d0429a8e0a9a5473cd2b7349a15064602704d66deb8cd0e9d9c9c2d876e31e40d4ad69df0eb872882766291f0321746bd32c78e4a0a4fdc7d85b871657eb5a99bce8497499c45c7a7bda1269e2fee3c6fb5266e7e9640ac2d1fcf12280b8aece61ef0d8fa165df9a197e5e3e3b61b5c74e2672a84178587060e0edfb914525e5ca7dd01e5c4ece13264dfff0a3990e0e82727bf484d4e97431d14f1e3db81df538323afa4952428c4221af185187b39654b5c5271401276717d6998d6beab653e9aa10214b04cabb799f4ea556587c7fde8f1d37fd60697e6f366f5ac699cb9a6216bd2342b40e9ff5c4bcdb0f289275c42dbf8da2b22e5e0f18dc9755446a32ebe3bc5b0f0a1f3dab1182be6c763a214eb5bbed2e162f9c33ab55d32600a0a7d1b11fce2c97d9154270f8f8ad80c060a3ef0cb33d36e6e9bfe74fdcb975e5d1c3db7299b47c62a61a96309a3669c63a9d9ab213afecfe85fe3e4ee12115b489409a982a4bcd80104300a51c3de7d9a55de83816c19af6af7517b75e3ae7c6a7f36185f2ba5c47915b2b76cf929c2bb76d94859eafff3d60606fc0969087100a7a1ed87477f6d2946386b03eb3ef1a312a6b43e44725977bd9a9a07d91035edd8096c57367b76cd244ffb8b1fae161fa40b6322004562cfb2a2ef6a952a9904a4b22efdd58f5d377fd7b3519d2bff59a5f16dcbc7e41412f5f6c5df223e31f362bc0842251e7cedd58c78c32d11681cabe4ee4dba71b9bf69ef636020665263de0477efb7349743c6bf72084816ff7f31fd0b3e22ecf2e6d58233a186f26ab1d2b6bbdf04974c2de2396b2aa108ea28e9b96f539be2378c440070f77da784617a74088a470079e5b8b461193c776dfb3d692fb95295ef6d8c9035823cae9095652d5855df3c68d5b3429cbedc6c1f1f0e07acfe3e28c5b2004e7cf1e3d77e6a849392260452d5a1667850c396f0542a1bbbb97d8cdc3c9c9c5c9c9c5c141c4e3f31e44de7a1615694b0fdf193e9aa9b550116ab561a10041a572270c1df736eb8eeccbb74cc7214aa5befed1577d4fff415470e86408da76c5fcc2074f9559b9268f00595a4ea90b8a4a62936cfc7a21040f16ae726bd1d8a5497d4bd2857beb66cc20ad292c5615d0299eb9ce4e3c3731d48fb894467bed83d9955ee865b393ae82a0f38ee54ad5a06a51479ddbb52db71642a07993c6cfe2e2cc1a6166f54a14f5faf4cba1a1f51b376dd5a061b3a07a61fe01413ebe014e4ee5d6190ab9ecc4b10317ce5a585e9487afafffc71f4d63af210ba1a2b42a3d82c001b1cf57fae4f42062d2289746119696dba5df94e1b393c6a7dcfffac7f6abbf673d9e2776e9f1e786cbe3a62b32b20c719808f874efc87a75dc81cf7576d44aa4b6c98b9054282f8e99da6de72a37fd106889a37437dc5c2b86d7153d89a654ea4a754f2f9f9dc01970c76883f612295a3a88d2d6b3e8641ee5c2f560ebe6cdf61dfebb4a522c4268d888093d7a0d6cdbbe8babab9bf1091a272908a05c2ebd72e9ecc913072e5f3cad56ab8ce63bbdb844e7646412d50293153b42e0979fd7894422d6974491a44c6ad4c2202160753aa69d8682df191834ec4d4b9defb871e993159b62b79a46faa3a40327b8ce8e2d177c410bd1667a06089dc283dffcf7cfa4032792f61f2f8a8a760c0e1006b198551979b1f7b1edd7a7cc91c4265b7b8226cd6b0a8b2f0c9fdc78fa070d3e7d0fe7f36cd71dd396a7db0f6c518bbe0276427d42c00fb421fb889412a4b5915e7885b5748bc68df43994ab66d8f5f10de8d36f3086e1a65c9749250f226fddbf7be3febd1b8f1edcd668d4e65201045e5e3e9f7ef2f9c00183e3e26377ecd872f6dcc9b2367d7c9b366d6e494495c8a41a3addb3a12d47c4f2cc11424dbe98ecdeaea5a5570621e40805a27afe153683d82dfb0a1f47b7fcfe0b71f346c64ae086a87508094751f8a45119672e23605197c4c0392204d2b65cdb552a1069c9273fff96b8efefc65f4c0e1a3e80c3e7555459949bef80e19b2e781065cb856ad137be526800791b2f88c48b0aa1a6d2e7316fc6f441bd7b9bddfae499b39ec6c4583e8905088190d0fabd7a0ff6f2f62b2cc88d8d898a8d89ca484f4588dd63082154af5ec884f73e78ebade1c6acb608807f4e1e9b3b7706335a74e9d2fdd78ddb2d5d31263666d8f0014c05261ec2bed634620da10d7a67802513a511f9771f5bb2652344097cbc1c4303f9ee628e40402f7d2044a519a9920f9da4341ab7564d9d1b845a693f69ff714492d55006d1e9a745428ff62dc5cd1a3a458408fd7d786217dc810f1045aa349a12a9baa05099932f4fcb94c427173f8b9325a75b5f6fd6ba6f7ca5e002bc2be9d985f438cbc9ba41279cb786474f9f0dead3bbdc010875edd03e2a26a64acf1242909418b36d73259c460879787875ead475d0c0211dda7736d33d410006bc3978c992ef6432a9de926ead1c6372b221270f04c0155948700c61ca5fa758b6db0c083165769e323bcfcaad17444615444655d66275342a10409d4c9175e17ad685eb659292a9905ca9db0e1b5e253b194000fbea7c12a13c07535939ece2b51b333ffec824028ebedb9e5d3a6fdab9ab9aba7d84f87c87e07aa11c0e8173385c1ecfc9512416bbf978fbd6ab17d2b871133f36cf372330084342c21e3f7e40eb928422f6f5907ea88e898d31f6d003b12feaffcf50ea45f6a277f5ead909f41f594bcaf534c6121d6b8442a93879e1823ecaaceca6037c7d2242434c03cc6dbc5cc74e5d870f1bd5b3472f9e051d902d08ae17faf8d1030081ab8bab6579113c79f2a8f4b2c0d9aa4fa71d66a813851921844d49974a7d23fe3cfc374996978f1118f046af2a398cf278fc9f7f5eb7e5b79dfdfbbdf922d4040044d46fc018167c7dfd2d09515a9df6e1c352cf4800e270a9e205f29ffdd75057ca860a11a70159491acbf4ececb3972e994ad30882febd7a72894a03c3cb3062c498fefd06d448098136adda0284300c6fdbb6bd85691d4546de3756d9a2ad8550b5999b900fadc930761851678ada424427feaceca8df0f1c2a574b10406727c7ee1d3bd8ceb5bd7b7fff7afeec93a7fec9a6ab005a045361c67a8ab9468d1afbf9068c1a39cec7db87fd9e00bc7ce55f53de42008aa06607915454f518c0ff20ea4ec965580f093d296b532d0420252d4d9f3aa11c1b870f1a64ba01591d18298a3a76fcf0ec399ff7e9dbf5e4a913a57e8cfa0aaf100718d790a70962b8c013e2954cfdfbf61dfe6aee37962cce1440e7cf9fa9781732a8db4524cb80d67ae376d4a182e01080eea4676569e7e1fa6d3b4a241293f91d366fdcb07dab96cc0f0440ab264d8eecd8c6e55a241634246da0b66cfb0de3b9627c57dcc18323f4c185deb8c003627a3901e300885b57f5d3ce946237bc7cccae1108a1eb37ae6664a4b39c084021d4ec23527596cb8afee701ea163b813e35830f6539da468fc2e2e2f93fac204dcc070880cfa77cc8290d21efd7b387b787479f6e5d584f470874eeda4728740408c4c53e972ab41821c4701ec4388cab27c408dae081bde8e21a42b873e7564b0b3d08403aa638c6c9b0d733b0823ac54efa9df5d3f954327cea937cd041eea0cc381e1c18f0d98793f46e12a8439bd60082b7deec6f691dfdc1942ffe3c7cc5c9454ce7404bd39b5e4a073fda019e2380388171457ac7e4ea3f9f7bf7efd2398ecb6cf168d4d8c96eee5ec603e8343b78f19f446a09a87e1ecdff6fd42d76020083296133b292b232f4f268ffc12b376f9b4a9823860c9af9f194b1c38679babb01049a34a81f16cc92430b4270eac45f61e10d57aedd55d14c4f9ba6093e2ef0044c5d6bac9afa6092a296af5802cba809c46e9ef317fcb27df73f3c7e99df3e04200693ace6c5ec24126f63057a9a5a179bff5ba86beca447af7e3a6fae053733d30317febc323523b35400a5bdc0470c1ef4d90713f50320cd8b01bdd955a10f1fd0d5103b77edfdcdf7ab838323ccf642432a37bded0de354832908a123470e3e7b5e663384100c7be73d82e046d46ff2ee844fcd8f072009939f243257f162b6128977b14225ad1345f649ff557a8158020228122b3a466454e2440e80af97d7861f97797b78b0d970516171c9db1326e974e64b6382e0453ecd2708aedee9d84ac8104214a9936757c920472792cdca7c67e46089a434ec09010e977beef2731f1f7f04406e7646cf2e1114c9ae936734083884f5286138e518413996a60ca9e120933a8e5acc1bff828000b6a6c42d4957eb21621080ac9c9c29b3e6c4d139102b1e08c52ecefd7bf6a878a24aa52a2cc867162e56a3d9209d1b9310da3e82d1e90b359a1933a74a4c22f210046f0f1befededc7f4d9cbdbaf7d876e566e0a425a159588c94e73b2d612b19b88f86b78be94563ffde726fdbac84e3dd0409daf0fe550e9ebc82b2898f2e5ec6367f495df2bac83268c1ea1cf4f5b0e100243f68eca7b01309e938d6b2346ebf9cd775f3d7bf6c4d4a59120b81f4f9d6baa756adbce223bcbf553dfd51c4c750ecf5ec98dd9cf49cd84caff1441eb2c3b2101b0c13a5f50590a5608805aa3f961cdfae9f3bf291d44cb54a17ede3e7dba9b53012160451b5aae71fdb21de3da54c79242e8db055f9f3c79d46cfbf8f73ef5f337cd758f1a346a56a14bc88a98496b67217a8e4bb67013ee6385867b301a11fe7f51377c94d840c7c562721be52d260dd884cf66b468d2b85fcfee9ddab4f17477a7cbb052944c26373b98203862376b1e99e68d1322a891010beec90c10420bbefffac89143e5521602e0e9e933f5f3f966eafa868d9a511432fa8c2204967c3d97a2a815eb37cae50ad371d7d00193068f11993750811871458863f8071022c471448410e03c841942ab0053d68149d4f7ba56d7aeabecd4a79abb8b17da7e86fef1a38751510fa3a210022ece4ece4e4e8545455299dc6cc91418145a3e1d43250d438830ae885417b30aa94ccde0458bbf3b72e460f96c9a749f162c5e2b1299253a849e5ebe229193422135b6503f34d4cfc7c781cf9fbd7009137bd18e1437255d0aa12616933ec74aa8d26b43000aa0bac0c44c6f0c6ec600e0204c08703d6b091130d29723441ca1fe278f3e0a9675b034c599cd4fe3a5a2ce8e9d288f7e079aea7df610d2958a688327db930f0ead5fd566214700d4256c7b68a7e3653f2c3a78686f85fc61a077dfb7dee833b8a29d13c7715fffc0f8d8a7c62d22a11040d0a57dbbb0e07a09c9c98c9f7200120422610bca351dcaff2052941672f34293ffea205502a812a8a5137f1bbb68723017614e807041842be2ba22ae58ff8f2be27211ae8fd9343465c197fa65a3aeb21382044c066b479112181862212d92c5de400ca76d9b5479a30ea20bc02d5efafda10ad4440088c5eedf2d5a6de9257b79f91ad94970b9aeeede48a360bcfde39393694f504cd68e74630ef04782413adf8344b9ea5e8691cf869b303d440ba902603ef44204448023463c37c475433c77c4f5447c17c4c5002c2d7bf96aa85a67c74e58bd349fb6c0c7d7bf1a67410e0f952bdd87f20af267cdfefcfe7df3042f4ccee59f57ffeee9c9ee59478722799499349d9d5db94e9eea027ac86cd3bcd996dd7f000813a14c0da8d2d40cb011e5ec82b28ba1d618c0ecec2c767515171715cb64c55aadd6d085d29e40561d1beb7de9ff95019d0cea5281dce8e4450028a6b8dec8c107f17d28075fe44017ef83fa4a212f8bac75919d08001da052a0a296da77711157f51404c0dc39d3264d98181e16ce70f1e2a57f177c3fafb0309fe5500066ce5dd2a9cb1b56664747c7b2e2c11e9ede84c0956167033a030fa1d3e974103dc3242d2843dd300c8036a4f83c2787b9829393cb959b097c07014248a7d3c9e5d2e2a2c2a2c2fc9292224949517171a518b564000020004944415471497141717151494961715141515181a4a4a8a4b858ae9068d45a0c630a2c0158d6df728cd3170803244079983a0fa89fe8c74f26bd7a10250ca184a194231f6148ff05d4aa045017d949fb7162721d24ab32f95601c8b63ae666781af568dcb8e123468e11091d231fdcbb79f39a852837f8f6b0f11f7e34d3fa6be372cb5cb13c3d7d39025766bce3124483b0b0a8e86808c013bc983649948e86ad48f1454e2ea52fdb25934a8a8a0a7c1c04fa724a848b8bd8c5455c2f9825dfbb49cfe872a90a858ce16b5151417161415151a19ec7c5850539f97939d9d9e979b9395aada6420c2afd331faaf371f57dbc10021042895a93e2069413348dbcac69d4cdb113254299850532e0f3782a8dfa45b424393999553e1ba13efddedabc69c5ae5ddb980d15b9c708681d3af55cfce3a64a4714a6f831031fdf008871709e50a7a6efba69a3464ff4ec4cc46472a81396be2326b8e5195ec2f850efdfb77dc697dfd97e1b10422e0d86c7e1960ed368d479b9d929c90969a9744ed384f898f8b867e969490851a5fa29fa3e1330593c2673464467d2bd3529c64d02836b107573ec848918bb2da74178d86f3ffdb8f2d72d474f9fa9f694f2f8e15d1b8e3247d366d61269e801db77e8b171f341ae0d4576b5da32ebbf7f40105dc84be04aaa640082660d1bec2d4de71187495b5086244408a2d694f8295ec2488afb76ff36e5e32f05425135eec50ab85c9e9f7f90de7cd0cb705d846432c9b3a78feedebe7af6f4df31cf1f1be38125507b92937515cfeba1f36c45896bdcb453176d451a40598a6d1fdcb73797cbfd6afad40fc78fad5e796d00c0f56b17140ab9a5700b4b50a9ad86aa21d0be43f76dbf1f179a6b37d98f26c932ddbe7f403d840087efc40c3d0dc2c38c4b9a04fa2b2d73630da1844ca21b08404949c1f163fbab740bd50384d0d1d1b97d876ed33e9f7ff4e49d13671f4c9afc85b38bbb71469741dd712273279128a96947d5bae74187403a94536ccc4108d40f0b63f67c3076f4d79f4f23aa128d69844aa938b06f5b95865e08ad8db80880d6edba6cd87cd0e6fe4095aa342b1da2ad03fa2c704e0c0fbd3cdc5d9ce93513d4b3b37c941f30757eddbbeb57eaa53b978585379cfdf50f976ec42d58b4d6db27c0d899544cb19e1bf7002baa42cad3ca50e7d809214ac514acd4a110f2f2f030ca3743faf5ddbaf2e7003fbfaa3e0c08c186b54b3333d36d1f3e356af5c9130759772104faf47d6bdbae13f432dc66ca1bfdeb300c0f0ea15322e23c91c1e51980461106af5339d4a543a5e989ada8328543f4f347d7af9eb7f18a3502580a070787b1e3a79cb918f5f9ccefb95c3e238caa21f537917e94c8a8a978a93a38b3c324ccdc326ed801a0a3d8a76ca203303c24f8f775ab470c1a5455795c262d99f9d978ad56630b411140fbf66ccdcfcb61d985c0a4c95facd9b88fc7ab241cca0c45450655547048b8d0203b420edf9199c78deca42988494c4e85ee881b4e19644d08e1965f7fa9aa885243a0bdb4b95cde27d3be3a7ce2568386cd0132a8a222f1a2df892405d0bdb8874a5d6327ca82ca144bec8440e8df9cef1162e28804f93cdecc4fa66c5cbe2cc8dfbf4a0fe3c1fd9b5fcf9a4cd179a3ad9d87102a2cc85bbf6671c56191c77758b172fb9c793fe0187b58a61518b9dea255076307703e23b3c206e16186ccea00c4e012b3b9b2abae2c72f5f6cd4b514f6c4acd5c1b60ee3a34acc1fe2357468ef9d0d8e7544cb18d9b287be1ac2775859d8c33d8734cb28748b644168aa235760e1e618ef5dae35ca191a00881164d1aefdab076eafb1384025b9d852184278eed9f37670a49eaac101442b0eaa7051249b1597783ea85ef3f7c65c8d0b1a0ea8a1484506e4e16f347ab369d4aad3c10e31a726c37080f352e86f2a0ba1096ad3610804148e0535a270e42b06df3aaaa5dbe46c1ccf45c1e7fd1b2f56b36ee63ac0c8cabca1f44b2f6c5a6f8571fb9a1cf478ae231d9793c274bef5d6b691ca22874e66254704884de179252e4c6aa0b53cbf9972120572aff3c7274efe1230aa5d296e10c21d0ba6de755eb767b7af956bc2e5dfa32317650df961455b6c486101b33fea32fe72c26b8bc98e827cfa21e2627c515e4e72a957281d0a97d87ae6f0f1f8fb1d5c232422e97b56ee2ce9805febd16ebeb17c85c5a23cd95a53d60d4f283c64f282c2a62965c0374beed4b6deecc96bb78c1498ea1ce3186e1672e3e0d080caefc6e6b13cc17fefce9c3f7c7bd2991187ade827419aa0ba8c6555f7dfe4e46a9c7e8cca27109a84ca30b31989b9b5d2f385c6f88c304de0d380ecef20c63165d5a7f2f10387c306ef4d001fdd76ddb7ee6e2a54aebe2410822ef5e1f3dbcc7f6ddff302d97df0df6fdb1d9949ab429bc5d971ebdde5cf4dd8cf3e78ec9a425b0cc9f923efeefbf760108870e1f6f65aecfc9ced02bb7a187a78faf5fa0713b4638183b1c56afdeedc222e6ef64286b0fc4c627030168423a9fe26432a32b45917feedd32fbab65953cee5a0673bf0d1bb758b96ef7e4f787d03708c043bcb831e51c4e3956cfecf7ca66763a040790a738d96bb8b131b804da303dd2852833520c7feb4382b84e3e8e81ad21876baa14a4238a5c5d16cc9af9fbba35fd7af6c071bc52f7faacccd45143bb9d3f7b8c71d62ceb2485ce9c3a6276f89d5b9727bf3fe4e8913fe4520934f1ba288de304ff9eaba410427a5a327362d3e66da0493d2f8ce01b8bbd86d60b327eacc998dcec1604000fa3ca14ab870fec52a994a00e0042d8b96befcfbffcde2883fec3c9d4d08152d55921bd3276caa16e0b37e116964f55169b618ad8e872a97bf5d9d4c5ce219d09918749498ad2157d70f0f7b3671ed9b97dd298d1aece2c75fb4c2191144dfb78e437733f56c865c6d4bd19e9c939d9e6a966cae8c4f63d41da526a2d11299d003bd150c8a67dfbaee5cec5381027986f2c3c24c4b85d01c9ecf269ebe8843ca4abf18d1716e61d39b4bb8e841c41083ffa74f69b83de61e69312a83dc3c902b02aafb914af869d5a40ed2152f2a0baaad6c8c8fb372b16c08338210a68290a68817105e5e28af447ba8b5d278f1fbbf7d7f515c3dfcc0001387470e790016d9f3cbac7c4f9e4e65acb536709b995b33396993dda75ec6eb60b231c98fe8787041bc71bc6e65eeeae01ac4f39894a0dd110821ddbd69827377d7580105bbafcb7d0d086cc2b88c48b6268bd5895f9f90ad889003acc49cbc494d590441e3fbc57585860b6c4662647c2d1d339b4b3d0b709cd5184485217f9f8c9b63dfbbe5abc6cec2753df9af0814e5bb9820302909196346644cf9f7f9c171bf334333da5ea7d0405f9b91583e84d8012e29f0340670769d0d03cfc0d230ce17881fe7edcd2627608812428377bb918bde628ab039492147fe15c2595d95f268442d19a8d7bf87c01d3ebc39c7429d0565503faf2d8a9ef19ca87aa3f8994677a41b3b2e30d85004da94821f2e2857f588f67e227b9cebec2a0767b8e9f1d347ec2d4afe66fddbbefcaad5bc9a9691a8dda76b99cd469b76e5e39a47fab59332654c37f51a351e7e7e7b2df941e71b1cfe8fa439d7a9a2dede91be018944a04871316125cba1da462f28a22502bcad5e45cb07dcb6a33b9f9d5222cbcd1fc052b1942aa2179929305ab5884b2d6d9c984b6aa01f908a34d08ebb971d19894b58fe59eaa9e9b1121213f7e3b6ffae40f8c8f1c0270e6e4610b17a23377684a32977df7d9fadfd6974824d6532958072c1d92ab712e86c1b4148ba9ec7373b20a0be9ca18dd7af4633997e01ba3d81a4744181f891a5259e54d9a0840378a7607366e7970ffe64b366c5a0784f09d51eff71f309c7979cf7189deb25085166a919d7a462125242fe039bf70a38f1019897a23104b4e19001c101e864c9cc12068d9b4c9ceb5abba77ec30faed21febebec6b36e5ebf289349cc46089a9a5a6549c255796654ccb307af36608b766449b758312d26264a5fc91374ead2abe25e8cc32b5d71c1f0d010537ff534ac5cb0805e3f809a5165ab3d08c1fa354bcdbff3570a08e182256b9df54b5208c0593c9b9e016cee5eadb093b97a1ea63acec95cc58dbecac9d340ca92ce08011046893ed7d4af6f92371e01d0be554b7d120e7aba1bffce70635e018d467df4c8de8aedc8b39e211d1dc3e92eae7260460d03828c3476811502f82cea1104a07e83a61e6c5147185166afaf1f1a4a95120d0160e60ec2b4d78874322da9fde0fecd0791b7ea54be10b1d8fdeb6f7f66248e7c8c76adaf3483861135ce4e9a450998641791b49188bf87176aa1d5852402380243b47e3c8099fa7442047cbdbd8d3f07f579c3dfd7f02e2104bbb6af37f71c43944e5ec8a83bbd3dab9049a1962097b3bb0a00009e3cba070078a32f4b24b1615554faee428202b81c834b9e3e9a455691760e80d3882c0b51a217ef5b56d7b5d40a6f0f1f3f7ce4fb4c24f2053c4701481bbf9f1a60a7c14c8268e1f22e56b89188df4da4d06eb336887d08820694b33320a0dea06cd226f2702bb3dde13867cabbe38c7794921c7ff3fac50ae2bfe167a09fef8bdf54b5c13c8d0e9d583225e91f12f520f22642a8ff80e1ac57c0709ef1a971389c00937b91405d315baa795af169f2f3fcd963a9c909756876d74f7fdf2f59d7b0617308a11292e739b6eae95e889dcc9b80002821799193bb8a1b7382c8ccc354b6187e8c684e4b4e74a2a0fcf2652802c39b1b16fa7af4eed6352234c498ba62ffde2de55a8118e4f0983ef9f978d7ec9bb192fa0d4228123919ff7171716fd4a8e5c2651b7af4642b158c5062626c7e7e6e5878a388fa8dd95ba403e7cb5c984382024d77a6622c71aaf590506c52a40b216ae7b6b5752dbb1297cb5bbe721b87c3655cec32a1ca16f1b3baec44065e2aa0ee3c9d212dfa32275765215985b54e232c8c1221005490949777b8f2a8d78c369c94ca2810625327bd6f1c122e9c3b919d55ce8ac37170663c4a3cdd3d11ab6f7db581908b9313aba666c6ac85771fe7de7d9c7be6e2d33f0f5f397ee6fe6fdb8f0c1c34422a93b05eecf6cdcb10822143c75ad106988a9ec18126ec4474aa79b62875d88a2c5700fdf0a1ddc5c55548f2f3721051bfc9a79fcd639e22e3c2522941abcb4e48f3e9029ebd8a1b738d935789706909080451425caf032b821ab3f156207276f00c371db8dab56cd1a1b521f48ca474bb776e34650ccd4e7d0bce4eb644f69403b3e4b23446f2b8bc233bb6ed5abf66c01b6fd056fbd2087000c0da958b4f1ca5837b6432e9efdb37a4a424cc9a3169c7d63597fe3dcdf2cc20bc7ef53c8ee36f0f1b6fa533183d091826897a0165a11110823428876c7d6c41ba9a3e3cb54ab16ff76f7547f1c9004238e5d3598d9bd0d551d230c513acb8d2b1ac3aeca400ba8b17ace1c65cad362ff54010042081de610e15972f824d70b91886f15cfc6897c7b2251e9cf2de78a37bc1a1033b346a8330a08f7c309092cfe355b9c420a475abfd7a98db1519a8359a9dfb0f8487847e3373c6de4d1bdab66c610c882749ed9c9913cf9efe3b3028a45e706840403d4f4fefa2a202566290a4eeceed2b5dbaf6f1f2b62819ebad5e65d3342d779a349503d5ac89f01cc1ffdabb0ef0a8aab47dceccdc6999cca44e32c92410420d25100855d465d555f4dffd61517005dd0505444111411617c52062418a082aac9495a5ae4ab550a4edb2f4f490044209e96d929036e5deef7fcebd53ee9db993040832fff3ccfbecb38f4ccebda7bdf73be77ce72b541746e09cb97debdfdd4cab7c013219b5306525e76efd0bf1cd6f03b7c94e805c49fd5af9e5fdb212f6e475b730322a4effc506a612992c656867fef4f4ea16fff08861dcdcd7d59a767fb7c52921646afbd1552291180d91ed6f18c69217fff4ec86959f3e3eea37e2b15c30dab17bafa9fe164797554b52562d4949e8d183ab1a8079f3b5170efdbce777a3c7060587ce9efbdee497660f1dee417480f4d47375b5a609cf4d6dbd3d125e0a2f639481bf07a031947bc962e8960aa2bcacf897c3077c4d7c12313f60c8987193805d2dd958a4adb5b0fdec8432dcbc517e6d1b75a30a9bb130dc0000046a83473ef4f8d8712ffc61ecc49e09fd2552599b43230112bf8a3bdad7899d4631c6acf8543afb0008cf7a698a4aa9e048f3e59a8fac56bbdd3896503215a79a86e92f4c92f332fd039bcd322eb6d3938f3c32e7e5e9af4f7dd1d9346d60e0eaa58ba73cf7ac542abd5e78d35b93cd16f3d7dffe480586934cd708270fe8bffed34fde99f346904ec746e336cf7ef5b98be74fc9e58aa8e818634c277db8c7e781d1c19fbe4f1c30f8e151620726feb0c85cec54ab547cdd0542a8d84b009f0446a70429bfba0deb57b65ed1fdc2fcb73f0e0f8bc4081d9595b72ee3dab63e0640cdd87644564e982ea6248a8aee34ed95b7c6fc71a25c2eb7cf2e3065d947b27232d332b30f1d3f7ea3a8485426458052c17d1e806ab1175768894415deb5a138cbe1e18f0de1fa375e9eb664c52a8c714971e1d66fbe7a61f24c4ec0c875065b3371b17860c890ef36fcfd4246464363932e3030d618d5c918239753dcf5d5b6ddfbb96e046a346b3f5dd1c568400c8d30ba98e93db33ea0dddf6d7de9e57911faae2d950598ec36e089dffee68121c96b366cdafbf3419ab6bd35674a795989f71835d864aa49f9606d9bb7a358e63ab3030371b13195d5ae684dc592e6418cc82c504892c8049d91563b8dfb2e9e3f959e7636b1ff609f0876e800c658ab0b5af8de8a5933263422fa80ace469623c2fdec236642720382fadfe4c9e7f9ea5a6e04f80220d318bde5ff3f3d1acf113265364b7647727b5d497c9a590d4a7cf9467c77ff3f92a835eef299300a11870dc1163ecb6b23334cd895e6262ac33b0abb6d32e0e3ff5e82323870ee12253adfdec03fbf99408da28d6028d5cb00707053df2d08363463f3eea81115de3e2288ae2726dd535346ddcba8dc404d468ffb1fd70bf218fb1d4c416abf57c5abad779c4c4047dfd979faac2e235c6fe2460227b93a8d168e6cf9af9d9078b23f57a86a1977db8e093a50bbc2c1af0e1b2f53d13fab6cd4e09c5b7538d3546f3ff5a829b450f4608a1816e792030dab0ce17c527c6f8b127c63cf2d81f10465992da2b5ee2beb4c64e06418ea4ee4beaca7eaa84c43515aee3c698b877177f76f068f6f8e7a6c86414cf2297f56bae2de1ac2810c6328a4aead74f2c24128a61d4e0305aa917b293a6699e111ad644f561d3fdba467eee2b33020308b9ebea4dcb96be0ddc8bb054139bc41aa181bd41ac8e49aa0c540445a9237b69e347fc63dff15b8d0d52996cd517db7b26243695e512652bc0d98ba9cd2d6d24a6deb7675b4d7525a5d56bbb0c97aa74c81104745062e296b5abffe7d14711425faf5bbe76f5523182bad220b50e09d1a3b94af07d4dd93b8b168b1757b20850f1cf469868e6f7dc2cbce683bb4f8cd13b292b351a2d42f8676929e3e57b13652714e2c6afe4577650856542d53a00d26a83df7d7ff5cf47b39e9d3895922bb8dc53828769abadc9e47a08d898419e93825134a8b84719048dd87dff61764486610de30254a17caf2e1c1e1232fd85e7b961ff76d726ce5e989cdce501da2ec3d5865eaaf078b52121306e4870cf51ba2ec302a27a2b828da6fa865ddb4998aee9afcc1f3e6294b5b186b1b670df11c91cd71673ac16f3fe7d3b31916e4a6da7642a20d461904fa20f2c787dd6470bdfd60404ac5e9172f2f8c13be604960a5278451b0cfcb96330947a4fef3e94166c521986deb9edeb3b6bc63d06094f3eede579ac3d86394b52273a580276028987ddb24356b881ba5a8e85573e80d46acdb419f30e1dbff4ec735325ac07b7e81a45eebb795561843272723ceb5682c479c3d18468cfafa7a5d9b5fdc7182bc3e248b40c70adefff3bfaf1c149fd595f6358f8d719c48293a3b2945204c7a8c2ba28828c32751026d904ed5dd9bc718dcd66ed973878faab6f1183923abb11bbcd469f3c73a63dbbb3037b77729f01c2124d6c922ab23b964811d885e883c3866c5cb5bc6b5ce777df9ed9aa01726b207710bce539861818f007079748bcba107567028380e27f17dfeeda6c6e3d02d4fdc3f3935fedd6a337003ace467ef46c87939d5083cddfcb8ad6509773a4f502290248a952bff4f2dc2327f366cf4dd1ea825a377cb43656f18d50ae151696555478968e06b5732b704b4c9dd4d0208c7d8c2501c64436968bfde5128c17cf9fd7c9684418e5e5667cb2f4af4e71c56d2adc56d29696e61dff5caf52052c5bb991ec4618da72ab9cfd3b9c3a77aeb64efc76c70de969670a59db4dced85919d259173f521112c3facd90ea8d518675cb3e9ef4cc33771ce1887817f1fe19a9d7539420a85d516b7177f1403a843f3935d5957bbefba74f2eee58a150ae5ab355a9525561f30569b56719c2ce52dcfc2f59d16a2a3f5d5acb0fa70e800234da29d3e61c3991f7c6bcc541c1a1adf39295626015cace53e72f783aed925964ec592f0043bd183bebeb04010eb8555b63ecc78b3a8db51acd8ac58b428388ffd796cd5f1cfc69772bd370e2d8c1fafadad7e62c8aed148f3136d7972212088eb46defc143edb70c38f8d36e7eab2494421dd92ba8db436a7d3799522b55ea828c097f7e75513b5322890063c4b39997c9a486083dbf542bb213b34621fc6f126344aedd5b4d347fbf8031ee12df63c6cc052496b4b4c2eca15d22a3b04e7e25cbc14bce61150075ebdee79d9455c74f15bc397f49486878bb0cc50131d666dac2ffb2e1f4858ba28f4583ca11b39cc84eb73218e13a213bb9ce509af0004382bd32f63743847e79cabb6ab50a012c9837352f375394a00070ecc8819e0989134912551263c26c2ae67a5b52567efadc05b70678bbd5c4081d3bf2839b8304eb71215786c669e3866ae386a8c2e3f1edc7ae1176d4a5b9048048bd809d266cb17857136a40d68bd6f21b7fb5206fdf9e1d3e283e113ba0935f7abd7bf7de4d983e29ad74fba3dbbe93c8cba1c347addfb46fcf8fe7fe34695a8026f0361c1830b6365461e4d2d4b7b4b4a4678b6c3a114f7692455c2ce08e330e96b0062c0f8a561382ba2468f72e5d3efadb0219453534d44f9e38fa66e155d19938f59fa37f5bb45c2a25ca20baa5ded65cc7bd64f38e5d8c50b400420909fdbb74e921dacbb4d4d3f5f52277c45808d167db092c75eaa1811b46572dec1a954f523e887a5e917624d342fb6b8c567dbac8796de15320f9f065d4a2f73f9760c96969955baa7a3b3b01880de553bf9ff0fd81331bb7fc38f2e1c72412c9ed3ad66084ac0d024a5dc8c822e9203c4a06b189c99cc3df80ddd90918d59ac4ad6cd80b246340541fd6ee8ebb74c783121353e6bd299548aa6b2aa74f197beb96486ea159b3170e4a1ec149a316d34dae6795d5d53f1c3ee25978ccb849639f7e5eb401369bf5c4b1831d65e10b1ea069baca547be9f29553e7ceefdcbb7ffee20f322f5d128c00c2dfcb8ad653059ba96b5ba8ebdfcb8a8e49cbd9cda89da59d21200c147c3d5471d18d1ff6edf24df189311e983c6cecd3cf5b31fc22abe02f5a32ee6efe8fcf4c9c36636eb4b13372841cb96d90eb726075492e5cccc8f09c454088a467e5fd5bf43acb54e32ee7f9fd91eb0cb4a5b1a5f2aa3d400cc60f8f18f6c6f4699facf9a2a02077de1b53d6aedbc5f778c4188f7dfa79ae6bac731c7b5a07d87ff0888df130fc0318f9d0634d8d0dcbc402dd608ccf9f39f9d4ef9f69e738093981395d2cc3d0f5f57525c5374b8a6f9497159714179596dc2c2b2b2a2d29acac2cb798394f7f8ff4dc6cf20bc426c42862779f80400a1235223ad2685ae5288cfbd3c187a565ae8731dabae5ab3f8c7dae5d2dfed5018066bf997260efaef416d343747808d8b7ec849d474ee6878547602cea91d65e0006c6dc048c95ff920b1999a28f3b43a87193dde4213b895778b55776724fa9c2e3199bd942b68ff6384a639f1c2d97cb3f59f3c5d1c3fb977fbc70ce5beff3bf34877a1e2c75c5886110c634d0fb0e1e72cb7000807af749ea1cd7cd66b30504043af305f2c1faee08004ed329bb34c75c8e8bca8a529676c59515e59595a515e52565a5c515e5259595158d0dc46b54541848242ead07389aa75605441b3b471b3b19a262a28db1e59b765337abd9554826236ba02b93081b2259f78bb4ccf92c46283df56c4e565a429ffe3e75b1c901631c1aa69f3a63eeaae58b8e4b2bc658ed09a5645cbe9c0ea800307bc7ed1257b575b5f90505e24722b2e974fdc55376622e3346eb35624980a1b7945236571638027d110fa4b818e35f977cb8fecb650f3efcbbc19e99d0015aaaaf738aa413a74e9796977b4ed6e4a9b339c78984de89e7cffddbb3eaab57f32d66b35ca1c018d3345d59515a5c54585a72b3bcbc9808c292a2d292a2b2d222534da58db6612fab119775051cfcc30e8a2be44a95850906b90e281d49134805817cc85f263e9cb2807b1147fdb3798dd70af9e1150495e810d51d02f3f819c930daf8f7959facdcd4faa8de47bc38ed8d3ddf6f4dbf963f9c0e8b44011d9973832cebcd82ddded9d4746f7957a2c0b5b2636265e2ce4e00545a7c13da4ad7c86ae9e32594aab134db216470ef9e3dbe59f3d9ba6fb6981b4d6ee5c951bdb698b6b610330e6036edd8e9693cd0a76fd2134f8ee366db181b27ca4eabd53c71fc232a7500bb2e97982de485a26b8f8477c18b9de6e0ec7f490007929495f2f8be89fd1e7f3cdad8c968ec14131ba75307eeee358ae1a53d000474d635b76340f8d001d776b412fc030fa243f9a10330423f1ef8d79cb7de3744dd49c8c27b0d36f192fc9d949593278e3e242d9fc474e94876628cf9ec0404675353454b0603a5462e8d0983c153d185495cb89b0cc348a5528f17b8d72bd711e38f86a274e231cc9a48e8b4817367ced4761eec5e9aa19b2baf700bfc81c3bfe4175cf588ca84c64d989c939d76e3dae5cb972ffd7268bf78a5086566b8921c48846fe11f4738e3bd70bdc118131713db595dd3dc78e87410c883915c0b3219f936b1d1903ce295792e4305005defee351939d8b5526353662e63b349795913f44393d8308b5e2d25ba329a60a06a79ba641b6dfbc7c6cfe72df8d00717776e2a473c30ea8927c7fdf8c3bff2507d87ca4e86a1cd2e63134cd899262e3819355fa6029b02c6b35843437d59699133f26a2b2091e8d4c1baf8114d1579d65b55128954a60e52857521379fce5ad845d35c57cc3218a7e764aff8f22b51c1feee825731be8d4c907c2e3208e4206113a192ff8582e2c9a58b92c68d552a551cc9ca4f9d3bfad374c413a8e4fc9771c9ad8f61c9fd6ad273f8cda39b5a6a73af84f6ed65af0be380d868b541df5c26a27773b4070fa4438ff01c2031423bb76f7865d6db9a40adb7a7ee2f00d0fc857532abc100000820494441541f9f38f6d381e692773a8e9d409b6f21a235b48fe8f5c2a2caaa2a9168c2c2659d300631a2f97e2518fffbc4a1f1cfbed89eeac99a27930718fa205e04036e63c0296caaab2b0a2e5f4affef4f79b95957ae5dcb2fb88a9078509f56a316bb4ecd9cde5101523d28f5a00867ff3f8c51042299c471ad0108f436b933173c118a3de23dd31b371496986b6ae5c141761b568cc306f6cdff7abbb087a8fa626648df5eae951aa3f021030af71c6aa5b103e8a0a3d27206b9322f3634d4efdcf6f55f5e7add67c5674444d42baffd6dd9470b3a4c7602205b532d7fdb959a99ed35f93328f9d363f57eedf1dfff1c1bffa776b193037f712c2f2bce4cbf9099792133fd7c76565aada9ea4ec322b9000828243530ca285045312a23a839439656ece29a4a5d993a88a63634581eacb3d6ba9910a0da9ccbfa11839c03183aa02f67fbc72b824c9979fc1f01a1d0a4beadb35383645d419327dc7d6efbe7fa3fbff89a6fb293c3a43fcfd8c19a92750c3b891ebe49a03c4fcdcaf276248a6004c953ac5ee296004667cf1ca769bacdad2700d4d5992ee765e7e566155cc9bd5a90979f9755535de1e02bb061c8ef64320081126491a03480cac0282341150e0ac9ede8dd9a4aca85673baceb1a57753e43580ad7e65e61d96947408c4111126c31f14f9998acf5fc7f231c3628b1f58323b08acf3c612ef1c21b05ff397978e4438fb5bf17bf26b8e3d192a55f749cec248673ae033200733e2d5db4640048b5c24a495a06312293bc0d55e5a917fe3b70f00302932992f3d95a78e3eaa5ecf4dcdcccfcbcecbc4b1965a5c5e47ce5a1dd74bca9fd1d011550d1a08c62549140e818020a627d4462fbdd49f4dec69b6e916641dbdd9d9d182137e6218c4393fa941ef937bff175b905b6e6164aad72341505f7e94105a86d4dad1985f464b4812013dcc6b12e470f3cf8a8cf8a4f8c71321b15ba03d80908d1e606602c4e6567c1f51ba6ba5ad1ce470a379de42089bce6a3c618a7bcf3fa7b4b3e8f304417155ecbc94ebb94939e939d76fdea658ba5c5c94010bb55697fe3658023406904b5915dac8341e17c2be218e978f9ed5680116e2a726327d6f514c9535d9b95c77f3bc6286c503f969dbca6dae8eaf49cc861ae64b298928525f72b3b7ea6f5360ca4438e492b9cb38189c9c191dc4b19bd12126fb343bf363a427602088ce1112282d3cb77a90777bb32da9e3a5afcdd79799913fef8a0e3b6123b158758b827bbbdf622a405aa13a38e61d4b1a0d68352cadeb520f71cfa77f2723734575431569b54ee0cd6450e46c8231548fd95eb74538b4cedfc7471d8c07e6ea53046d517329cece43ea1f0a149adb393f3373a21ad7013fc1bd6affc78f9065fde7d76580c3af69688c7cef40cd14e03203da3bcadd4fdf628af12d789e60e8693b3e2090179121d3cc66a9c6dee31c7d2739c2d76081d1a096aa9fdec7e3b6aa47683b1d95aca0557b2ba9ef19e115a181b6dcacee7ff1e32a0b78472971d35a9d96e961cfa6149addb766084b4884a640491c010a01ff6ef2a2b2beef0fe762c3a809d187307763b68da969695eda5280ab5af9bbf06c8a91614c974e8786ba779e65eb32c3d7e6f8beec704eb9c31b11c3783f7b231b8a190470272b915a20809762f8489d6934f5a995a15d2df3d1258d54581dd02201c92d85ba66e3b45e78374387fa6c994d9ac9b37acf651a34f073a809d0c6de35b1c175cbfded8241ebd926ce4a1edccfa7703cee6318251fed616f19aa5fb4c4bf7d1364302a30b4032bb79c6bd66a3101893633bff27e2d0ddadb367c1da9c7cb79ff4430708a52c6e29ab6cae70a9df3142123915d2af579bad0801855b281b8cd0b73b37597cd5e588c35db31310dd5ccfdfbe64e4e47a9b7f0ab04674a77bd774e10e373d68ed53d6a8d72d3d5eb6761b4987070b9591f7658705c89d9d0841607c27cf92a62c213b31d60f1be8a626c018d7645c72fb252cb97f3bda010384613e39df98bd7bb6fbb2f8bc5b76b2c61f824de7c5cc2c6f3cd022cab33eea4e69c389490a24bd69dd33d6d8b72c09136cb1c974a8433cdf4d52830e030922595ce6c680a01ef19eefafcb2d602cae3b718c50f8e0fed863ebe9a12b25e6206d330ce30446170832e16f68c3ba1577ec9df72be06ed94976302ee30f72fc48cff6b2e964cf259ea328bbcd36805d5212528eb7c6ceb3f47ada16d39bd1524872a76aa57b0adc58e8660a88b562eca42de6da4b97f93c93aa55c1bdbbbb15ab4ecd72e362f89001e4fcd4263f111a4487b895ba5a90fbedaecdf77984bce3ee6527b2b5387c6d0117dcb85e6d32791ba820907bd24701ed6d03272913e92096943d9fb1c524b0a474baabfb261a6fba1baa06f5eceae9244956ed54f70f3b34a98f9b337b4d5a0ed082bb5f727eead7abcd01c0c4a62e44ea560ee3e51f2f6cf0120bf7bee32e237303633583cdb1b3c670fa42aac48b0ecd712472a7ae12b57151c946ab237bcaa7ad31f32cbdc6da8c098c4e4e9ef269523ad1545aee96605c191ea208f6ccdbc9dd550a7a143aa08f5b215b7d437566aee0318cf5c307b5274f8006c9fad03a373f925a53d58eadbe192f84f59dbd9be781b612eb24c798165cbf517f4bfc430484c24119009ea722b82169f236b8528403810a04e786f5ff011d3d00618312dd9497a6ac5ceb2df7a00932b532243181ff0bdddc529d962dec35683a19d55111fc6216535d6dee95760c0e981153ea910352a150f5eb9f7ca7bdbb87b85b76fae1c7bdc37dcb80ed871f6dc2cf4e3f7c177e76fae1bbf0b3d30fdf859f9d7ef82efcecf4c377e167a71fbe0b3f3bfdf05df8d9e987efc2cf4e3f7c177e76fae1bbf0b3d30fdf859f9d7ef82efcecf4c377e167a71fbe0b3f3bfdf0512084fe0f45940f94df1519a10000000049454e44ae426082);
INSERT INTO `restaurants` (`id_restaurants`, `name`, `street`, `city`, `parish`, `image`) VALUES
(600, 'Dominos', 'far', 'far', 'away', 0xffd8ffe000104a46494600010100000100010000ffdb0084000c08080809080c09090c110b0a0b11150f0c0c0f1518131315131318110c0c0c0c0c0c110c0c0c0c0c0c0c0c0c0c0c0c0c0c0c0c0c0c0c0c0c0c0c0c0c0c0c0c010d0b0b0d0e0d100e0e10140e0e0e14140e0e0e0e14110c0c0c0c0c11110c0c0c0c0c0c110c0c0c0c0c0c0c0c0c0c0c0c0c0c0c0c0c0c0c0c0c0c0c0c0c0c0c0cffc200110804b004b003012200021101031101ffc4001b00010003000301000000000000000000000005060701020403ffda0008010100000000d5400000000000000000000000000000000000000000000000000000000000000000000000000000000000000000000000000000000000000000000000000000000000000000000000000000000000000000000000000000000000000000000000000000000000000000000000000000000000000000000000000000000000000000000000000000000000000000000000000000000000000000000000000000000000000000000000000000000000000000000000000000000000000000000000000000000000000000000000000000000000000000000000000000000000000000000000000000000000000000000000000000000000000000000000000000000000000000000000000000000000000000000000000000000000000000000000000000000000000000000000000000000000000000000000000000000000000000000000000000000000000000000000000000000000000000000000000000000000000000000000000000000000000000000000000000000000000000000000000000000000000000000000000000000000000000000000000000000000000000000000000000000000000000000000000000000000000000000000000000000000000000000000000000000000000000000000000000000000000000000000000000000000000000000000000000000000000000000000000000000000000000000000000000000000000000000000000000000000000000000000000000000000000000000000000000000000000000000000000000000000000000000000000000000000000000000000000000000000000000000000000000000000000000000000000000000000000000000000000000000000000000000000000000000000000000000000000000000000000000000000000000000000000000000000000000000000000000000000000000000000000000000000000000000000000029b5c9abcf6000000000000000000000000000000000000a1530b2e93d800000000000000000000000000000000000a15302cba4f600000000000000000000000000000000000a15300b2e93d80000000000000000000000000000000000a153002cba4f60000000000000000000000000000000000a153000b2e93d8000000000000000000000000000000000a1530002cba4f6000000000000000000000000000000000a1530000b2e93d800000000000000000000000000000000a15300002cba4f600000000000000000000000000000000a15300000b2e93d80000000000000000000000000000000a153000002cba4f60000000000000000000000000000000a153000000b2e93d8000000000000000000000000000000a1530000002cba4f6000000000000000000000000000000a153000ef3beff2c0fc000b2e93d800000000000000000000000000000a1530009bd23da7ca8153002cba4f600000000000000000000000000000a0d340093d63ea0cdab00059749ec00000000000000000000000000005069a0034cb201e3c738002cba4f60000000000000000000000000000a0d340036bfa80c8e2c005fee20000000000000000000000000003e59544800e76ee406510c002e1a000000000000000000000000000014ab676cb620006b928075c63e0007db569400000000000000000000000000067b4997d63b65b10005af4502a79d801f6d46640000000000000000000000000019ed2497d63b65b10006876d086cbbe200fb6a332000000000000000000000000000cf69212fac76cb62000b15abdfe5ae54fa803eda8cc80000000000000000000000000033da4812fac76cb620000003eda8cc80000000000000000000000000033ca5004beb1db2d88000003eda8cc80000000000000000000000000033ca50012fac76cb62000003eda8cc80000000000000000000000000033ca50004beb1db2d8800003eda8cc80000000000000000000000000033ca500012fac76cb6200003eda8cc80000000000000000000000000033ca500004beb1db2d880003eda8cc80000000000000000000000000033ca5000012fac76cb620003eda8cc80000000000000000000000000033ca5000004beb1db2d88003eda8cc80000000000000000000000000033ca50000012fac76cb62003eda8cc80000000000000000000000000033ca50000004b6b3db2d8803eda8cc80000000000000000000000000033ca50fb5b667ac1557a00fb58fdde4ae7984b6b3db2d880fb6a332000000000000000000000000000cf29426354f608bca7c20b2e95e93e59e53b925b59ed96c41f6d46640000000000000000000000000019e5287df66f582271ee04deb7d8197d5c4b6b3db2d88fb6a332000000000000000000000000000cf692176d0806595a38d6e780f062c12dacf6ccef5320000000000000000000000000008ac6f90d42d0028d403b6e9d806311c12dacfa40000000000000000000000000004463bc869f690145a09f5dcc031c8a0fb6b33200000000000000000000000000019ad442e7a280ca6ba71b44881f1c43a0fb6af360000000000000000000000000000e335a90faecbee042644171d1c0a3e7e3edabcd80000000000000000000000000000e335a9093d524442e59e4068f710ade5dd0fb6af3600000000000000000000000000000e335a90ef6799eb055ce00e2c56cf7f92af561f6d5e6c00000000000000000000000000000719ad48000003edabcd80000000000000000000000000000038cd6a4000007db589a0000000000000000000000000000001c66b5200000fb6b1340000000000000000000000000000000e335a900001f6d62680000000000000000000000000000000719ad480003edac4d0000000000000000000000000000000038cd6a40007db589a000000000000000000000000000000001c66b52000fb6b134000000000000000000000000000000000e335a9001f6d6268000000000000000000000000000000000719ad4803edac4d000000000000000000000000000000000038cd6a407db589a00000000000000000000000000000000001c66b520fb6b13400000000000000000000000000000000000e335a91f6d626800000000000000000000000000000000000719d537d9a94d0000000000000000000000000000000000001f3efc800000000000000000000000000000000000000000000000000000000000000000000000000000000000000000000000000000000000000000000000000000000000000000000000000000000000000000000000000000000000000000000000000000000000000000000000000000000001c74fa000000ebd8000000000000000000071c03b0000000011795782dba57200003c596445a34cee0000000000000000000cd6a01cfda5acb70fb8000000198d55c6bb38000033ba59a75a800000000000000000019a54803d5a7cf8000000335a8b8d8660000050a886956e0000000000000000000669520077d6e680000003c598c65caf800001f3a0d37b6d1ea01d3b80000000000000000669522d12fd626b3c12fb072f9d560be7276c902bd1ef5d8aab0bcd86cdc56603a4f5ab986877d2db110aed6dae407c24ee1e810b58f0faec96056336d3ec3055ff27690b1c9c4d22db60000000000000000019a548d32d85772938d86622f2b8f1db44b9326807afeb1e71a057a045e340ce29ce777cfe8ee27a08486c3f7eb9bd43938b2e9dd5f6cbeb1c859ef94eb44f00000000000000000cd2a46996c192c09a3da71cf101a8d9f26800007a370ce29ce777a05180349b7e754c02cba9aab989d9d39b6e97c72000000000000000019a548d32d8337a797feb4226fdf58e890d9f278027a52a1d09a9aa8fc4ddf39a739dde814624ac701125f6d98bf0f558a07c2e35d9ca2d05db589789a3e93ec00000000000000000334a91a65b064b0268b558458756e6ab98b8d9f38807bf68e72cad3d1b776cde9e6ef9cd39ceef40a338dbfd51d8bf2befaf3776d9fdfe7c63ccbd5fa0325e5c3dd61bcc88000000000000000019a548d32d85772938d77358d5e6fe8dc6396bb418049ecacbab0f56dccea986ef9cd39ceef40a338dcfede6c3bb2fbda80f6ed66430ab8e8ea2513a87a364f600000000000000000334a91729ceb0b4fea486cf94d79ecd5bdf9bd59c6dd98c024f6565d587ab6e6754c377ce69ce777a0519c6e7f6f361dd97d91cc5c68d70ad661c340bc22be90b13155fead1ae400000000000000000cd2a4006ad62a966870e49ed6b268049ecacbab0f56dccea986ef9cd39ceef40a338dcfede6c3bb2fb73c57e238e5cecd23f2c6be16c9de6811ad16e600000000000000000cd2a401df49b638c9e001f6d7657268049ecacbab0f56dccea986ef9cd39ceef40a338dcfede6c3bb2fb7ba866c05eefaa15100efb2c800000000000000000334a881edb2dde407cb3aa89c4ae9930c9abe94d959755debdb99d52dceef9cd35db77a0515c6e9f6f361dcafd7b54b3cf39f4beddc88a0d7781edd26c40000000000000000079bcc1cfa7d001e183e92535c9e4f83ebed797cefa7b9e7f2bb4879fcaefeff008791cc891dc3d7f73e501e6fb4ff00a01e786f1f69198ec00000000000000000000000000000000000000000000000000000000000000000000000000000000000000000000000000000000000000000000000000000000000000000000000000000000000000000000000000000000000000000000000000000000000000000000000000000000000000000000000000000000000000000000000000000000000000000000000000000000000000000000000000000000000000000000000000000000000000000000000000000000000000000000000000000000000000000000000000000000000000000000000000000000000000000000000000000000000000000000000000000000000000000000000000000000000000000000000000000000000000000000000000000000000000000000000000000000000000000000000000000000000000000000000000000000000000000000000000000000000000000000000000000000000000000000000000000000000000000000000000000000000000000000000000000000000000000000000000000000000000000000000000000000000000000000000000000000000000000000000000000000000000000000000000000000000000000000000000000000000000000000000000000000000000000000000000000000000000000000000000000000000000000000000000000000000000000000000000000000000000000000000000000000000000000000000000000000000000000000000000000000000000000000000000000000000000000000000000000000000000000000000000000000000000000000000000000000000000000000000000000000000000000000000000000000000000000000000000000000000000000000000000000000000000000000000000000000000000000000000003fffc400190101000301010000000000000000000000000203040501ffda0008010210000000000000000000000000000000000000000000000000000000000000000000000000000000000000000000000000000000000000000000000000000000000000000000000000000000000000000000000000000000000000000000000000000000000000000000000000000000000000000000000000000000000000000000000000000000000000000000000000000000000000000000000000000000000000000000000000000000000000000001e42c0000000000000000011cde5b780000000000000000239bc2dbc00000000000000004737816de00000000000000008e6f00b6f00000000000000011cde005b7800000000000000239bc002dbc00000000000000473783dbbdaeb0b6f00000000000000473781a2c33d616de000000000000019620d82aa01a6600000000000009ebe7e6f03548a2a09e8f400000000000027d29e7e6e6f04af957404f47a00000000000013e94ccfcdcde0013d1e80000000000004fa530cfcdcde004f47a00000000000013e94c0cfcdcde013d1e80000000000004fa5300cfcdcde04f47a00000000000013e94c00cfcdcde13d1e80000000000004fa53a32365c67cd3d92cfcdcde4f47a00000000000013e94e1cbf1ef5654f34b7a6cfcda347a0000000000000dda99f9e3a5763c63ad263c600000000000002ce94a1cbf1ef5659f9e4faaab9be0000000000000059d29538fdd969932cf7595737c000000000000002ce94800ab9be00000000000000059d290055cdf0000000000000000b3a5202ae6f80000000000000001674a415737c00000000000000002ce948ab9be0000000000000000059d2955cdf0000000000000000009e8cbe00000000000000000000000000000000000000000000000000000000000000000000001aa45540000e85dcaf002ce9e4c600000000074ed15737c0006fb799e004fa54610000000003a76e08edb31e4db75786cd75dbe65d5ee0d53c7b6bb3dc74ebd11c564754e196cca00000000e9dbcbaf474288e9aecab2ef8f93f233c77dbcde9790b28a37425e72ba17e5b30d60000000074ede5d7b3667ba1ccdfa716dc31e862afa38efb79bd2c98faf4f9772756de74f721868000000003a76d2b9ced76e5d2c5bf0c7a18abe8e3bede6f4b263ebd35eacd6d9cb95de6ca79c0000000074ed218f35bd197983ddf863d0c55f471df6f37a5931f5e9e7f4ac63c7bb53cc19c00000000f7d79e0f670f3df7cf25e792f1ec65e792f3c591892943c000000000000000000000000000000000000000000000000000000000000000000000000000000000000000000000000000000000000000000000000000000000000000000000000000000000000000000000000000000000000000000000000000000000000000000000000000000000000000000000000000000000000000000000000000000000000000000000000000000000000000000000000000000000007fffc4001a010100030101010000000000000000000000030405020601ffda00080103100000000000000000000000000000000000000000000000000000000000000000000000000000000000000000000000000000000000000000000000000000000000000000000000000000000000000000000000000000000000000000000000000000000000000000000000000000000000000000000000000000000000000000000000000000000000000000000000000000000000000000000000000000000000000000000000000000000000000000013ddcb00000000000000000163d74f8de6c0000000000000000163d74e6379b0000000000000000163d74e18de6c000000000000000163d74e06379b000000000000000163d74e018de6c00000000000000163d74e006379b00000000000000163d74e23c2adabaa18de6c0000000000000163d74e1e5334f55a618de6c00000000000007df65681e0fe1b1e941e468000000000000023a3e83d6761e3a99e936429792e000000000000023c68ee7a3f59d8ade6eb6a7a1fa29792e000000000000023c68cb9e8fd6760052f25c0000000000000478d185cf47eb3b00a5e4b800000000000008f1a302e7a2f5bd814bc97000000000000011e3460173d17adec29792e000000000000023c68c00b9e8bd6f652f25c0000000000000478d1dad0f99f58b7763cf8edfa3f5bdd1f27c0000000000000478d1cbb7f5f30b8b3b04388b7e8f7fcb700000000000000cca2b7ac31eb68e80c1e1a3a0000000000000022c6e24dcfae70f8b7ac4784b1afd00000000000000458dc59d0f99f5cd0bb1e643635fa0000000000000022c6e000b1afd000000000000000458dc0058d7e80000000000000008b1b802c6bf40000000000000001163701635fa000000000000000022c6e0b1afd00000000000000000458dc58d7e8000000000000000008ea5de80000000000000000000000000000000000000000000000000000000000000000000000a51becd680006557dbe8022c5bfa000000000062422c6bf4000cbafb7f4023c6b5a60000000006243abde6c3a37f3ab4da51509a05fa0d4a5168674d0f3a362854ef462928472de8ed800000003121db9aa64daee94b14f7b2baea3eba8f46ac1b38df6586d5acb938eb732aadf874e5000000003121db9b3f3ae57ef6b2e969e669f793a5363e8d583671b42fe059fb5b7e9666c45989352c800000001890d9566c67c17a9fcd2cbd4eb274a6c7d1ab06ce3686879fb32d1bb043b9c57fb9f635c00000000c4849742e43911f5abce56a7593a5363e8d683631b4343cfd9d5c785a3a19945f756d800000001c8e87c8a4ebe7cfaf9f7ef3f7e3ae7efde5d22ebb398e4e800000000000000000000000000000000000000000000000000000000000000000000000000000000000000000000000000000000000000000000000000000000000000000000000000000000000000000000000000000000000000000000000000000000000000000000000000000000000000000000000000000000000000000000000000000000000000000000000000000000000000000000000000000000001fffc40036100001040101050507040202030000000004010203050607001011132012213035601416313236407015172333223471c0415090ffda0008010100010800ff00ac039067cc1a578950ecd32657f6f6a5d43979ad86e58f648c6c91fe11cc330e7732aeafe1dc9bb13cb1f52f6846b1ec918d923fc1f98661cee655d5fc3b93a313cb1f52f408d63d9231b233f06e619873b995757ff1d589e58fa97b42358f648c6c91fe0bcc330e7732aeafc1c4f2c7d4bda11ac7b2463648ff0004e619873b995757f0ee4f0b13cb1f52f6846b1ec918d923fc0f98661cee655d5fc3b93c4c4f2c7d4bd02358f648c6c91fe05cc330e7f32aeafc7c4f2c7d4bda11ac7b2463648ff01e619873f995757f0ee4fb0c4f2c7d4bda11ac7b2463648ff00e619873fb75757f0eefb3c4f2c7d4bda11ac7b2463648fd7f98661cfe655d5fdae27963ea5e811ac7b2463648fd7b98661cfe655d5fdbe27963ea5ed08d63d9231b247ebbcc330e7f32aeafe1dc9f7189e58fa97b42358f648c6c91fae730cc39fccababff8f0a28a59a56c308782e4452239e9a6d65c3bc9d3ebf8538c26026832728df0f13cb1f52f6846b1ec918d923f5be619873f995757e1e398b977927316ae9ebaaa1e483bc91462e1740564d843c063ceabf8fc3c2c4f2c7d4bd02358f648c6c91fad730cc39fccababf0f1ea592eac9823471e016060e3f566f8eb6b4a4b013c3c4f2c7d4bda11ac7b2463648fd6798661cfe655d5f8981d6343a4692eebb7ae8eceb48064735ec7399278789e58fa97a046b1ec918d7b3d6398661cfedd5d5f88a8ae4eca0d0b471a281be0651020f911f1a789a7568f9849eb25f58123c450f20d36458e13444a31de235c8d7b5cad7239a8e4f03319124c98e54f134da17a9e6cfeb0bad44884b48c7afafb012c448cc0cd0853c59042f22c74aa22bb2ef0d538a2a6d8c9e96144211e04923228dd248716e34d20c778620849a4c628b8ed247495ad153d5d99e69ed1ccaaaadb1bc90ba12f991d7d8096224660668429e2c82179163a55115d9778780de34331d56475e7d78d141fd2e1f0c41093498c5171bc6c6a31bd5f99e69ed1ccaaa9df8de485d097cc8ebec04b112330334214f16410bc8b1d2a88aecbbc2ff8c4b318cd632becfa722c983a481514b2c834990b2bc210424d263145c6f1b1a8c6f57e679a7b4732aaaba71bc90ba12f991d7d8096224660668429e2c821791e3855115d97784a88a9c169b37b6ad6b619c3cff1f21139e995638a9c509ce31b1d38b6d750ce21ab156492492c8e965f0841093498c5171bc6c6a31bd5f9a667ed1cca9aaebc6f242e84be6475f602588919819a10a78b2085e458e95445765df7220849a4c628b8de363518deafccf33f68e655557838de485d097cc8ebec04b112330334214f16410bc8f1c2a88aecbbedc41093498c5171bc6c6a31bd5f99e69ed1ccaaaaf0f1bc90ba12f991d7d8096224660668429e2c821791e3855115d977da8821269318a26378d8d4637abf33ccfda3995555e2e399197425f323afb012c848cc0cd0853c59042f23c70aa22bb2efb310424d263145c6f1b1a8c6f57e6799fb4732aaabc7c73232e84be6475f602590919819a10a78d2085e478e15445765df6220849a4c620b8de363518deafccf33f68e655557d8e399197425f323afb012c848cc0cd0863c59042f23c709a227b2ef1c41093498c5171bc6c6a31bd5f99e69ed1ccaaaafb3c73232e84be6475f602590919819a10a78b2085e478e13445765de28821269318a26378d8d4637abf33cd148592aaabed71cc8cba12f991d7d8096424660668429e34821791e3855113d9778620849a4c62898de363518deafccf3352164aaaafb7c73232e84be6475f602590919819a10c70d2085e478e13444f65de0882126931882e378d8d4637abf33ccfda7995555f738e6465d097cc8ebec04b212330334218e1a410bc8f1c26889ecbbac41093498c4171bc6c6a31b827abb33ccfda7995555d018261f3a0e1576999f2b51f63169ad035bfc93e9a523dbfc367a716c335640268261e5740478020659b372030f4e6fe7447109a5c470ef2f4daee26ab863eb2c2b64e51fd18e6465d097cc8ebec04b212330334218e1a410bc8f1c26889ecbba441093498c5131bc6c6a31bbbd5d99e67ed3ccaaaae8c6b1a2af8a5632aea40a9190507a2f31eadbb1f965dd531b4a6b832fab15c348bae0614057035c3a0c0ef2451cb85d0139560af018f3ea7a31cc8cba12f991d7d8096424660668431c34821791e384d113c1dbc30c93498c4131bc6c6a31bbbd5d99e67ed3ccaaaae80019ec0d8421eaab05aa022045eac9a8a2bcac78caf63e37ba393a312c7d6f2cbb12c71b2363638fab3ac6db545a1c2746399197425f323afb012c848cc0cd0863869042f23c709a22783b60c324e263104c6f1b1a8c6e09eaecd73274ee96a2b3a74cab9b2125d9bfc0d40ae6877ee9d9bfe1b6155695d41076baef6b196b52482e54722aa3ba31cc8cba12f991d7d8096424660668431c3482956f885983651862e378d8d463704f576527c95f40695122704e1d5a7512331c47a781aa312722ba6e8862e74d1c3b318d631ac6f8191c0d1efec216f4e399197425f323afb012c848cc0fd61968521d8e9d0448bc538a74e9ccc9263bcb4f0354666f2aba0e811e91983c8be0e5722499258b93a4208a3ca8c41318c761a105614f58e6987bebe492d2bfa74d2c9b11a4d6bfc0cf2c90ec8248d9bd538a70db1eb06d952885a75964c420b29534f3bc89e5224e808228f2a3104c671816845e09eb2735ae6ab5d9961cead73ecabba032e708a84c1e96dc6b8af8ce1bab2bc823a3ad73daaae72ab9dd1a777cd10a75413d7a8d7cd8e06d20fd010451e5462098ce322d08bc13d68e6b5cd56bb31c35d5ae7d956f463f901b44673c7a6beadba1f9c1746419556d1c4a925ada9b6c6bcd37a51551515310cda23591d75af4e55980b4d1b861a69a69e67cf3ef08228f2a3104c671916845e09eb6735ae6ab5d9961aead73ecab7a209e71a66ce3d76a35d0c88c322d4faf54fe69b540344fe0b3cfefcd6ac7039ce7b9cf7f5aa22f72d2e737356d6c3207a8f43335109f7d716e1c762f5131d81179371a856e735d104aaaaaae5de10451e5462098ce322d08bc13d70e6b5cd56bb32c35d5ae7d956fdc8411479518826338c8b422f04f5d39ad7355aeccb0d756b9f655bf6e10451e5462098ce322d08bc13d78e6b5cd56bb32c35d5ae7d956fda8411479518826338c8b422f04f5f39ad7355aeccb0d756b9f655bf6610451e5462098ce322d08bc13f0039ad7355aeccb0d756b9f655bf6210451e5462098ce322d08bc13f0139ad7355aeccb0d756b9f655be38411479518826338c8b422f04fc08e6b5cd56bb32c35d5ae7d956f8a10451e5462098ce322d08bc13f0339ad7355aeccb0d756b9f655be18411479518826338c8b422f04fc10e6b5cd56bb32c35d5ae7d956f8210451e5462098ce322d08bc13f0539ad7355aeccb0d756b9f655bd610451e5462098ce322d08bc13f0639a8e456bb32c35d5ae7d956f48411479518826338c8b422f04fc1ce6a3915aeccb0d756b9f655bbc208a3ca8c31319c645a117827e107351c8ad765382103caf3695e8b1b9592565359db4a91018ce322d08bc1bf84e41e09551656b5ad446b7ffb1eaa888aaac24791dd98fee11ec55544f482b91bdebcc8f6e647b7323db991edcc8f647b157827fe8f21bd1a8abdc5cb6b7b6b6f2ac8737fc551ccc5b392c39d81db22a2a714fb4b8b6169c090e2ae72bb9b791dcd6bdec776998ee77615f2b20b28a58e68d92c5e8ed4c9245ba1a25e9ef4f84271d02f1803cdb251153855ea60d22a476a19c21d03480feff51cc926bd8c55df85192198d86f93ed3538c91c7860f469c9af2281607fa3b52fcf60f0ab6d0faa25090318cb44bd8f92ff00bed4902486de139372af04e2b8957c95f8f863cbf69a9b592aa8b6acdfa6a3ba3a39a777a3b52fcf60f0e09e61a66103e2d90c77b5c932fdedc5489700480976d85ded648eecc555693bf970e2d80cd1cec3eebed481e02a078e45be9a90d91d253923c829128d2861907171062d5d7c55b5e3810f80e9a163d18ef42ea5f9ec1d18c6171df5738d7fed741b3f4ba3ecff00858e9e5e88c59077b1f1bdd1c9bf15b9753dcc242ef9e784789d34f65a9150339580cfa9776f5fe18f51f216af1703a9ede28db0aabdaab762b80df779b55531aa0cdfb9b4fb7ee6d3ed559f54591d102d9c880689d31163a91503b9580cba9b6ee55e543a9b6cd54e75367b4f6523609f6739ad6ab9d6ba83460b9d10d3ea75a39cbc88b536ddaa9cda9d44a835ed84d45454454daff2aaea1745195fb9b4fb7ee6d3ed06a5524b33237ed7f9357d0b2252ff007369f6fdcda7da3d4ca473dad7a3d8ace66d699fd100e7450cfa9e7b9cbeccdd4cbb45ff0020353867b919620d805623b490ba2df2ea3a872c5397a9e4abb804ba9190f6b8ec36a79cd727b5d4e6f4366e6c5bf3abeb0a80626040579d664a0c0e2b89414512cd2ed699a63f5ae58de4ea82f1e022ea6dc71ee8f53ad117f905d4f05ca88656649496aa8d0f6c8ce2c61601812e4ad0e43d92d27b5575a3e99fe84d4bf3d83a34d7e9f97a32dc560ba19c440a8e6aab5db9538a70db12b05b0c7c39dfb5fe4015109ed04dd5f595dcfcd37a219a58256cd06259c21cf6575b6ecf3ea92f7d3991816a29b2dd5f58dd91ce337aa71ee5c1f2b6fb1ce0da64b969b792ba267469e6452a4dfa195b6a779a05bdbf3b776a8ff756ef54e28a9b64195996cd68917451dd9948734b1832e038488b1f69248e28dd2c993e7649ce78753d0a88bdcb8d66a75439839621639834650a7001d88cf10d0800c085200def6318e7bf29cd0ab591e2028889dc9d1ff945db1ece2d809a214ac86bca2c58a60676d248f2ca9e9587d859c9765fa1352fcf60e8d35fa7e5e9ce406859191d8dfa653abea4a814f347af0e6349b8b62ae0f90e2baf06c91d6c13842f6cf3ea92fc7ad25c2588a5336d4ef340b7b7e76eed51feeadf0b4d4d74d4f30aedb5032471043a904ebc23247551ed088dda8962f128d068f7c71cb2f1e53e2963fec4545f86da7b45eda7ada4fb704e3c7d0da97e7b07469afd3f2f4ea770fd5c3e8d2ee3c8b1db532d1c8d1aa63df5186de5b46d9e22b4defa18d5f04f04e34cf808dd8fda3aa6e06351151538a679f5497d14985dcdbc4d21a4e9958b22570d34330f33e09f7d26237174c49a09b4c0f6c4ae84c0c90499042f727c5364f826da9de6816f6fcedddaa3fdd5bd14b8e5addbd5026e9799d8e2ebdc62d28d5ae2f7e96ff5d926d7b649575051db39cf7b9cf9375755d85a4fece0374d6f563ed2dad1da53c88c3f72a714e1b61b6aeb4a1825936d516bb915cedf1ac6923165aac9f1478f1c21b080ca6f663b5c2e86c9ae729d80df8c63471ea6b20aaaf84083d0fa97e7b07469afd3f2f4e7160d3b239f97bf4c6156d6193ae684a91931aabbb07a38adadd5c4a2222704db3fa388dab7d8c7b9538a2a6d8e14a5d10043b3cfaa4bdf8fc10937a0413a22222226da85131992bdcddd5d147358890cac63236358cdb5362636d8495bb93e29b37e09b6a779a05bdbf3b776a8ff00756ef77cabb560f00d5c3403ed908711b4868f2a2f1445dfa5bf2596da984ac75030c9ba28a49e58e08a929c5a6af8c21f63c016c449032ecc092bac08024dda5e4af32c045db36a992ce8a56c28a8a9c537a276578b45bcb90f87b3566a45b0ee46d8535f565d40b283e87d4bf3d83a34d7e9f97a32fca22a50d60815555555777c36c2c15071c118fc9915322b245dda5f3c692d80cbbb232231e86c25913b91137e188a98bd7a2e79f5497bf18fa8eb77ea2fd47bea3cd81dfa9fe640ef4f8a6cdf826da9de6816f6fcedddaa3fdd5bbddf2aec1ffa906eb2f2e2b667ca9bf4b7e4b2db54517d9eb977d24f18f7404f2efcd268e7c9ce747bb4c517f563177e5781c92cb25852cd14b04ae867e9afb02eb4c8cd0ea2ca1b5ae80f87d0da97e7b07461d96d4d2d53c437f7231dd9fa938fb5bc5969a9474ec58eb269a69e57cd3efc7ea5f716c3848d6b5ad46b73e0d46c926937d45a13516111e353e514f6f135d0147841c6b29599e5ccb854040ddc157b9b5227b1560826d9e7d525efc63ea3addfa8bf51efa8f36077ea7f9903bd3e29b37e09b6a779a05bdbf3b776a8ff00756ef77cabb07fea41bacbcb8ad99f2a6fd2df92cb6d470d67a1690dddf1eedb12cdc59878c0b64963733b6dc973602b607c0039cf7bdcf7eed300d5a39c6bb75d6495548b134e58e8b2011b2a99a714332ab87234bc84ff0054bc03241915cc96296191d14dbb4c8873ea8a1d7d0da97e7b078688e7391adc331bfd1405948db5129dc655b2c21dea88bf154e2bc577e154eb6979139fb679f5497bf18fa8eb77ea2fd47bea3cd81dfa9fe640ef4f8a6cdf826da9de6816f6fcedddaa3fdd5bbddf2aec1ffa906eb2f2e2b667ca9bf4b7e4b2d8f0e23829c398d0e704b983237f1546f6511113b937318f91ed8e3c7ea9b5150303b892611079099eeeda6b8b398f9423cdaf9b9e156ea59d12232ca0d45c72544e64fa898dc6d558f22b9fd6ed1e76fd3181cdac3085f436a5f9ec1e10e3ce4ccc1c6c4b0a655ab4fb1dce6b5cd56bb2ec625a3316587a830c938a8c4131ca2868eb5a2336cf3ea92f7e31f51d6efd45fa8f7d479b03bf53fcc81de9f14d9bf04db53bcd02dedf9dbbb547fbab77bbe55d83ff00520dd65e5c56ccf9537e96fc965bb3ac59f6317ea80f5e038b3dae65d9fbb522edfda8e921eb8209889a31e0a1aa654548e037d0da99e7a3edc536e29b714db8a6dc536e29b769bb074d6e72a20957a6b6132a3ecea286ae9e258c0e82461cb1de3139069f1c1b9c454b9ae63d58fddf0f8d36336f72f45171ec640a1815b06ecf7bb292b8f14db8a6d8bf7e475bc376a3776469c78a6dc536a8efb7051376a7f9880bb714db8a6c9dee6a227c136d4ff340576e29b714d99df231136d51fedad5db8a6dc53672a7657611150585176b2455ae29118a9d86edc536e29b696fc964bbf28c160b37bcead3ebceae9b9076f18524c9920131ad3f6c0f61b75befb18acbd622936b81de80aaf81ed7c6f58e4e8aca6b4b69118062d878b469ed337a1ccadaf3bb3edbeede3fb7bb78fedeede3fb7bb78fedeede3fb263940d5e290d757c0bc60f06c296a6cd381d369c63d23b8b134d285178a8386e380b91f1a22222226f2ea6b0e7b6433ddbc7f6f76f1fd85a6a90e5e70bb8cacae395aa6fbb78fedeede3fb0f474c34cd9c7dc65782735ac33ddbc7f6f76f1fda2a0a38646cb16c65782735ac33ddbc7f6f76f1fda1a0a48256cd0ec58211b1a4667bb78fedeede3fb331ea28ded919bdd8ed0bdcaf77bb78fedeede3fb08108145c91379030c544b0925e9fe364395ccfdb4a2d86d3bc721723a40c00818b921f5175e09adec164e058c4fde8ba6942abdccd36c7dabfe4261b8d08a8e8d8c646d4633fea547ffc4004f1000020101020607130c020202030100000102031100041221313242521013202241536305142330435160616272829293a1a2a3b1b2b324334054707173818391c2c364d1d2d350c144c0e290ffda0008010100093f00ff00eb00a24f2212af797c718232ac4abf3bdfe16d7dfdaf94ee446983e2e0d9176b6c5cf5102307b7343bedef771f93b30747019594d4107186523ec4a4e858d6f379539dc0d0c2da9c6cbb862fcce63bd6ca612749790d74d0d0b30747019594d4107186523ec424e858d6f379539dad0c2da9c6cbba62fcce73bd6ca612749790d74d0cf4b30747019594d410718653f61d2742c6b79bca9ced68616d4e365d3e90c5f99ce77ad94c24e92f21ae9a19e9660e8e032b29a820e30ca47d8649d0b1ade6f2a73b5a185b538d974fa5317e6739deb653093a4bc86ba6867a5983a380caca6a0838c3291f6152742c6b79bca9cee068616d4e365d3e98c5f99cc77ad94c24e92f21ae9a19e9660e8e032b29a820e30ca47d8449d0b1ade6f2a73b5a185b8be365d3e9cc5f99ce77ad94c24e92f21ae9a19e9660e8e032b29a820e30ca47d8349d071ade6f2a73b5a185b8be365d3fa012fcce73bd6ca612749790d74d0cf4b30747019594d4107186523ec124e838d6f379539dad0c2c3a9f1b2e9fd098bf339cef5b29849d25e435d3433d2cc1d1c0656535041c61948fb0293a0e35bcde54e76b430b717c6cba7f4462fcce73bd6ca612749790d78f433d2cc1d1c0656535041c61948fb009290e35bcde54e76b430b717c6cba7f4662fcce73bd6ca612749790d74d0cf4b30747019594d4107186523b3e93a0e35bcde54e76b430b0ea7c6cba7f4862fcce73bd6ca612749790d74d0cf4b30747019594d4107186523b3c93a0e35bcde54e7703430b717c6cba7f4a25f99ce713653093a4bc87191e867a5983a380caca6a0838c3291d9d49d071ade6f2a73f5a185b8be365d3e988d2cad9b1a02cc7c15b4497553c333efbc9c5b635afb083d608c47b6c60bcf6918a37ad017d3b40f77739048280f78d98fe0f4c62fcce73bd394c24e92f21c626867a5983a380caca6a0838c3291d9c49d04556f379539fad0c2dc5f1b2e9f4c260b8a1a493d31b11963801ce6eef323b42b1839ef95d8eb4921df36e2259a27ce4701879ed852dd177d2ddcd59e31af19ce9625f289d318bf339cef4e53093a4bc86bc7a19e9660e8e032b29a820e30ca4766cfd071ade6f2a73f5a1858753e365d3e984ac2bbfbcc834630722f772662590470c4a15117200376b8373bd351d00c51ca71e2d58e6d1eefa612fcce7388e53093a4bc87191e867a5983a380caca6a0838c3291d9a49d071ade6f2a73f5a185b8be365d3e9a2935f8edac787033605f137ffa9d2324c8429eb30df46fe03d851d09571d665382de974c25f99ce713653093a4bc87191e867a59832380cac0d410718653d9949d071ade6f2a73f5a185b8be365d3e9b95b7a3f3dedb3624541f728c1e92280cbb601f88ab2fbcdd35b0b9d48786bc11bd6a9e0483d3ecc41314ca51c0254d1860b6f977d6ac97390d2ef3d3d4cbab32face9b915949fc8836c608a83f7f49c8a513f358d074d1d0d2248c9ee998bfba9d9846b79bac0c45ee4ae7f014bab66f42e33aa7acb4825865155619475d5868bae92da312c328a329f68d565b565b9ca7e4f78ebf252eaccbeb7a670e2b1ab88c472769e3e86feef48382880b331e000558db2de25693f263bcf43a646659e534441e7663a28ba6f66124cc70ef128d273abdc2662765f2740c6b79bd29cfd682061d4f8d97aa6c565ba4a473c5deb9c38c8f5665f4ed209619455586507855868bae92da312c328a329f68d565b565b9ca7e4f78ebf252eaccbeb7a63520be361424e459a94c0fd75f59d21be517c1d1699561d2f2df37e53a646659e534441e7663a28ba6f6a4b7d940dbe7a7aa8b5615f4fb2f93a0635bd5e54e7eb4103717c6cbd5371596eb291cf177ae70e323d5997d3b482586515561941e1561a2eba4b68c4b04a28ca7da35596d596e729f93de3faa5d5997d6f4bc47808cb67097d1bd8a66c4b30e0a9d1bc7c5dd1135f5c741bb038ff125e2e2b3ed93cc709d8f99575513417a5c6659e534441e7663a28ba6f6a4b7c940dbe7a7aa8b5615f4fb2f92900aa5eaf2a73f81a081b8be365ea9baacb74948e78bbd7130e323d5997d3b482586515561941e1561a2eba4b68c4b04a28ca7da35596d596e729f93de3faa5d5997d6f4cf975d9710590d2451d649f7d85fab6792e8fc22542457f122db16dcd0829db6a5af2676d585198f8d454f4ed0f3a21c5b7494793c04f9a8fd6d9da496435791c96663d7663d2e332cf29a220f3b31d145d37b525be4a06df3d3d545ab0afa7d97c94831ade6f4a73f81a0818753e365ea9d22b2dd65239e2ef5c4c38c8f5665f4ed209619455586507855868bae92da312c328a329f68d565b565b9ca7e4f78fea975665f5bf4a8ccb3ca68883cecc745174ded496f9281b7cf4f5516ac2be9f65f2740c6b79bd29cfd68216e2f8d97aa74aacb75948e78bbd7130e323d5997d3b482586515561941e1561a2eba4b68c4b0ca28ca7da35596d596e729f93de3faa5d5997d6fd22332cf29a220f3b31d145d37b525be4a06df3d3d545ab0afa7d97c9d031ade6f2a73f5a185b8ae365ea9d32b2dd65239e2ef5c4c38c8f5665f4ed209619455586507855868bae92da312c128a329f68d565b565b9ca7e4f78fea975665f5bf468ccb3ca68883cecc745174ded496f9281b7cf4f5516ac2be9f65f2520155bd5e54e7f03430b715c6cbd53bce9d596eb291cf177ae261c647ab32fa76904b0ca2aac3283c2ac345d7496d18961945194fb46ab2dab2dce53f27bc7f54bab32fadfa246659e534441e7663a28ba6f6a4b7c940dbe7a7aa8b5615f4fb2f92900aade6f2a73f5a1858752e365ea9de7d02b2dd65239e2ef5c4c38c8f5665f4ed20961945548ca0f0ab0d175d25b462586514653ed1aacb6acb7394fc9ef1fd52eaccbeb7e851996794d11079d98e8a2e9bda92df25036f9e997928b5615f4fb2f93a0635bcde54e7eb430b715c6cbd53bcfa1565baca473c5deb8987191eaccbe9da412c328a823283c28c345d7496d189609451d4fb46ab2dab2dce53f27bc7f54bab32fadfa046659e534441e7663a28ba6f6a4b7c940dbe7a65e4a2d5857d3ecbe4e818d6f379539fad0c2dc57192f54ef3e89596eb291cf177ae261c647ab32fa76904b0ca2a186507855868bae92da312c128a3a1f68d565b565b9ca7e4f78fea975665f5bd3a332cf29a220f3b31d145d37b525be4a06df3d32f2516ac2be9f65f2520c6b79bca9cfe068616e2b8c93aa779f46ac975948e78bbd7130e323d5997d3b4825865150c3283c2acba2eba4b68c4b0ca28c87da35596d596e729f93de3faa5d5997d6f4c8ccb3ca68883cecc745174ded496f9281b7cf4cbc945ab0afa7d97c9480556f379539fc0d0c2c3a97192754ef3e91596eb211cf177ae261c647ab32fa7690490ca2a08ca0e9238d175d25b462582514743ed1aacb6acb7394fc9ef1fd52eaccbeb7a546659e534441e7663a28ba6f6a4b7c940dbe7a65e4a2d5857d3ecbe4e818d6f379539fad0c2c3a971b2754ef3e95596eb291cf177ae261c647ab32da4124328a823283a48e345d7496d189609451d0fb46ab2dab2dce53f27bc7f54dab32fade911996794d11079d98e8a2e9bda92df25036f9e997928f5615f4fb2f93a0635bcde54e7eb430b715c64bd53bcdcc2f7898e820ad06b39cd45ee9ed7a4bb038f6a886d8c3b4ced831f8bb65a4bc4adc24b85f3222da6bc42dc07095c78ae9fcad2a5f50681e8727e418b44de52d1b43326278dc1561f7ab74985ef12ea46a588edb6a7856686e80e8bb176f162de7acb73452bf8469f12d34179a645a98d8f8e193d3b5ddeeec7370c6f5bbc905637f05b73596eb291cf177ae261c647ab32da412c320a823283c28eba2eba4b68c4b04a28e87da35596d596e729f93de3fa65d5997d6eea332cf29a220f3b31d145d37b525be4a06df3d32f2716ac2be9f65f2520c6b79bca9cfe068616e2b8c93aa779b9262ba44473c5e2993928b5a66f576884518ce39598ebcaf9cefb94a4aa3a15e1714887b96d24e4db79615d28a55cd9135d3f9a686ecb41cce07130c4f2d3288b563e5bc9da158225d15194eb3b673b774fb8896685c51a370194fe46c1a4ba2d5a5bb63678c6bc473a5897ca47b9ac975948e78bbd7130e323d5996d20961905411941d2475d175d5b462582514743ed1aacb6acb7394fc9ef1fd336accbeb7711996794d11079d98e8a2e9bda92df25036f9e997938f5615f4fb2f92900aade6f2a73f5a185b8ae324ea9f87b91596f0e114f00d676ee634dfd9691c4319e16639f23f76edbba2de12af7690e8c8064ef24cc92ca5244255d4e50c0e0b2f8db9045caef47bcb0e11a1003cafc3b284440151545000312aa8dda60dcaf6c6a80628e5cec01c9cb9e9b9ac975908e78bbd7130e323d5996d20921945411941d2475d175d2b462582514743ed1aacb6acb7394fc9ef1fd336accbeb762332cf29a220f3b31d145d37b525be4a06df3d32f271eac2be9f65ef485494bd5e14e372313c10b717c6c9d53e6f742bb4810444eb3efe561e06d7d24523bf209b16b8e872fb15fc3dcad26bd0e7898f0d5c6f17c08b03a4015950ed67ad20df44de38b0a303461d62328dcd65bac8473c5deb8987191eaccb690490c82a08ca0e923ae8bae92da312c128a3a1f68d565b46d7a86f2d4baca3ce97839b1b46ba7a96a4b7c940dbe7a65e4e3d5857d3ecbce0cab1e0c67acce444ade0e1e16ef2cb3c8c4fdc76bfe1d24630f2257b4caadfc371d55d53c660bff00bb0a2a8000ed0e9228ab3b951da63b67f3dd564bac8473c5deb8987191eaccb6904b0c82a08ca0e923ae8bae92f66230a4daf6c45e1263225a785816e1dd1c70cf2291f7d24fe7d24ef8bc9211da0153f9ee3224b1b1fb8329e95904c57c50a9fc7751996794d11079d98e8a2e9bd9ccb789887bcc98f04b014a469a289e3bf664b8571725a78865849caebfe3b7a9ef374682f2a258bbf8f7b22f8519c2fd3e926b15c94403be1bf9bd36c0f03726acf1812769d7a1cbe9af48348e04691cf694615b3e67691bef725fff007b98ccb3ca68883cecc741174ded496fb281cf178a65e4a2d4857d3eccc02a450838c106c85ae0c6b2c2319849d25ff1fe0f79b96c19a070e8782a345bb96cd6b1c4f8a44e14719f13f7bbb20df27052eb1f75c32b72716758966624b31ca49c6cc772d48af6d85772720972347facb9bca77fd21ab24b47bd91a2837d1c5df4adbefc3fc4dcc6659e534441e7663a28ba6f6a4b7d940e78bc532f2516ac2be9f66a01522841c6083642d706359a218cc24e92ff008ff07f0f73d1219282f177268ae07b92a6849696ac3e7216c5221eb489fcf3372c26be1158eea877c7acd27131f76de059f0a56c4aa312a28cd8a25d145dd1208c608c4411c22ce23be8dec53b6259bad84742f1f1774567e6930dec79563af549ff008c5a767324d2b1791db19663958ee2332cf29a220f3b31d045d37b525beca073c5e2997928b5614f4fb3700a91420e3041b216b81359a218cc24e92ff8ff0007f0f7323433266c9192ac3c25b2477d41a47a1c94efe3e87eaad719d0f0e0b230f398ed7095cf061baa0f476db325c62388ed38de9f8cf9bfa6b1d896763566635249e16639dd2585f6ecb884731386a3ad1cf8dbca6d9659ae8fc21970d7c7870fdcb73413c57ff859a5bd37008d081e3cdb5594733e1388b21c2988fc5c4b1fe9a7ea589258d4938c927849dc46659e534441e7663a28ba6f6a4b7d940e78bc532f2516ac2bd9c80548a1071820d909b831acb08c66127497fc7f83f87f4a8ccb3ca68883cecc745174ded496fb281cf178a65e4a2d5857b3b00a91420e3041b216b831acd08c66127497fc7f83f87f488ccb3ca68883cecc745174ded496fb281cf178a65e4a3d4857b3d00a91420e3041b216b831acd08c66127497fc7f83f87f468ccb3ca68883cecc745174ded496fb281cf178a65e4e3d4857b3f00a91420e3041b2137026b342319849d25ff1fe0fe1fd12332cf29a220f3b31d144d37b525beca073c5e2997928f5215fb0100a91420e3041b2137026b342319849d25ff1fe0fe1fd0a332cf29a220f3b31d144d37b525be4a073c5e2997938f5615fb0300a91420e3041b216b831acd08c66127497fc7f83f87f408ccb3ca68883cecc741174ded496f9281cf178a65e4e3d5853ec1402a450838c106c85ae0c6b342319849d25ff001fe0fe1f4e8ccb3ca68883cecc745134ded496f9281cf178a65e4e3d5857ec1c02a450838c106c85ae04d6684633093a4bfe3fc1fc3e991996794d11079d98e822e9bda92df25039e2f14cbc9c7ab0a7d8480548a1071820d909b81359a118cc24e92ff8ff0007f0fa546659e534551e7663a089a6f6a4b7c940e78bc532f271ea42bf61601522841c60836426e0c6b342319849d25ff1fe0fe1f488ccb3ca68a83cecc741134ded496f9281cf178a65e4e3d4853ec3402a450838c106c84dc18d6684633093a4bfe3fc1fc3dd46659e534551e7666d045d37b525be4a073c5e2997938f5214fb0f00a91420e3041b2137026b342319849d25ff001fe0fe1ee2332cf29a2a8f3b31d144d37b525be4a073c5e2997938f5615fb1100a91420e3041b4465bb36f9eea98de33c8af548b93cf8ec0a30c45581523c16b5dda5a9a348460c6bdb794ef2d496f9281cf178a65e4e3d4857ec5234723216507db60001900c43ffec81a01949b4a8edd65604f9be92412328071f62240fbecc3f71661fb8b30fdc5987ee2cc3f716604fdff00f841b648c7020841a1773c1dca2e748f69d9949aac0a4ac4bda4887bcfbfb6f58642b888fcc5a5378b9390a27735922ae4667ce921d7c3dfa5b18390fd149c04c4a8339dce6469dd35a6682ee736ed0b15503bb65a3ccddfd999586460483e30b48d7bb8934676df4b18d757ce951751ecc1e39143230c60a915561d87b1dad6ecaca95340cd24a19b0759b012d5fded5fded5fded5fded5fdec4fef6bccd1119302475f635af66f0a32acea1ebe1ef65f4ed76377272cd0d5d3c28fe753c1db6d324f0b6474351f71d56ffc01e8775857057830a4259dbc554dc12cf1a98493c3b5b18d3d055fa29e871c46623aecec6307c158f706a6e72b44b5d4204a83c1c3ec3fea89f127e9531864d2031ab8d5963cd75b0177bfc62b2415c4c38c81b493b9cf8fe9e0ed57a88216e00f1d77be4d976782c30652a64914f03484cb83e0e160fd14563406ef311a353870b1f08ba6e3109ef0c57ee40b1d7c656ec3fea89f127e96e629a260d1c8b88822d44bdc344bd463206e09139397393e9c0947c6ac33918664919d65b40d7cbb8cd9e01858b94847448dbd0b5ce777d5113ffed6caa36b21a1b9821b7c31abde186f37bc4afea7d1904b0ca0ac91b0a820da75788e3104e4865ee52601b0ff0052d4db21628f827086129a3518675970e79d8220f6b37708bbf7b634bba04af5ce9bf86fbfe92eaaed9aa4804fdc3b06faa27c49f717b6bb9595a2c0540c37a15b0aaccbaf6e6949e497fe76e6936170614408f3482c63bf20c64464ac94fc3933bc092ca5244347460430234595b3770697794886f2383018e7fe93eff7122c5120ab3b90aa076d9ad1bdf9c698e871f947dfb78315aef7785782a19cfef849eed96ef20eb1461eec96b9151c325ddb0a9fa52e0fc4b5e165602af19dec8bdfc4dbfdc24b34eaa19c4405170b1a866764df60daeb79fd93fecb5d6f3fb27fd968e68649ce0c6d22ae096a570378ef83856916289055a4721540edb35a292fac34c7438ff27937ede4ad74bba0e0c22ee7cc63b5ce09178704ba1f3992d8571bc39a2aca41462745275def94daf6080a0549388002c5aff2ae23b4d36b07f1db79e4f6cb5ce08d7830d99cfa3b55ae97771c3825d4fbd2591ae12b620ce43444fe30c1c0fd44b1a838c11b0b24b2ce0b2c710048518b0d8bb22daeb79fd93fecb5d6f3fb27fd9686f112bb053232a955a9a613603b360ec2c923ce488e3880268b4c366c264555df5aeb79fd93fecb5d6f3fb27fd9682f31a934672aa428d62164c2b11804616170532d6ccd7e997111050a03db9da91f93db2d718917836c7673e86d56bb5d9875a8e3fb2d736841cb2c2db601f7c6c11fdfb4cb3c2d9194e43aac3391bb86dccdb6de172dde1186e3bfd08ff51ed71445e0699cb1f122c0f8964bb01d6c06ff00b6d728a45e1313321f59b6ada5374bc362115e28b53d6496a626f1f65304decb466f7c5902b828bc6c9bec0c2d4b42d7899b19a6415d39643bd4ef9ec44fcd0945249466a8e2a1ae86b3f54d89f9e265cb15dc6d841ee9be697ca5b99f8b81a5929e846adefdae97603b65cff2b5ca061dcb3afb70ed729611c2d1b2c83c53b535af48d29ea2dbc93c9c982de2ec308ef9cd09d2eb04a454478556967c1d2daa247b733aeb7e1729c412bdea676bf5e09a299a22436fbf0fe6ed24935ce4bb8bddc4cc70a489432c535ce576df3ed6d247b5760bf544f893ee3eb527bb16e142734a15ac520c5b601d425d6c2ea6dd4ec0ab0241539411941d9e1b1c291536a90f7519da8f8d8385b070e47a882053be91bb5aa8bd524d0b4958d4d62bbae28d3bd4d27e51f7fb9768a68cd524425581ee596c425edb7b0de312aca751c66c73fa12eceac5f0d364164bb4824655ca680ef456cfd0d4d62bba9e8683b95d27e55b7192d3505c6233453b9c6615c4f1b1ce76877b81dc58b5df99c0ef2ee0d0b81a779a677e17cdc7b972d1b02d736638d4aef9eefde60efe2d8e21bdfd9d61edd8d59bdb16cf0d8b41ccf8d554420d0c98200c3bc60e77731666e49284813c15dec89aadddf16f66c286740e87b47afb0c1234059dd8d00031b3313676bbdcc6f5af037b24bde69430fad7dd16bd733f21426b24635a066ce5e45bf4ed2096094614722e422d109a07a61235780d5482b465f06d0a4110d14007e6dacd62151412cc710006526ced0733812b55c4f3776ed9cb0b68c5e5375946307ad6637ebabb2a60b9acab84703a14b9cff87258037eb84c97abb231a2bb2543c0cda3b744ee96bf1e66f35e4bd2dee012dde413ddd8627bb32ae173d46dc8b603da36bb4420175b9c2e0abb2165967bd4b1355a1dba444da626dfed7d82fd513e24fb8fad49eec5b91831de556f0a3b6f5597d6a336e3a8de2a3ee7543ef2d9b061814bb9fbb44774d9ab63be6c51c7c11a0cc893f9f77d21b0afd7403098e5923c89377fa12fff00bd8d58be1a74f3468668dff20c30bd1d8e21bdfd9d61edd8d59bdb174a35e749884ed2c836ca78fb66c3d20848e7b61a6f9c20ef22ea9ca7e1f487f905ed8035c91ca77a928ee1f325f29b2705efd208988e2c0db25f1a8a9b84692997014b7bb68de3efd4afbc3656b77b91a435c8d375ff004177df89b0318ec1bea89f127dc7d6a4f762dce5e7735fbb0da9b8c98717baf6340ff289e9c201c0857c7c37dc46b77bbbe359a725430d68e350d232f75836920bc91d4d49463deeda303d3b46d14d19a3c6e28c0f6c6c9a22b049875e37dec9e2e7db1836d58be1a6e02dd6ead8d259ab561ad144bbf65eedb02d7c8a7900aed6c863af695f0a4b218e6898a488d9430ca370ab05d4e4bc4d50ad4e29177f27c3b5fa29241a0c8c80f861a4f72d198a788d1d0f98823395b45b67ae3dbb1c437bfb3ac3dbb1ab37b62dc4436a4347bc48706353ab858d9dfb88edcd08c3f5846c478d87fc6cab240e7052f111250b6a3e151a37efb71930a1f64b6ce850ed60f0b9de443ca3589677259d8e52c4e1336cc0d3c831b5312a83a5248dbc4b4f7657a666139fcb0b6bb40630e689283851b77b22e9770dbfdc3614f056098f0964cd6f0e3c07d8cd0f283f7954a7bbb2a5a30c0ba834256bbf507ba5b5e61baa0002c0e04257b9c17c15b4b1cea781595c1fdab6805d673926bbd10d7ba41d0a4f0d2c82f50c86897952155475e7463851e0fea5b3215a16e16638de46ee9dfb08faa27c49f71f5a93dd8b7270a3bb05bba9eda55a5f5aefb8c924e147808bff003b6488ac2bf722aff32db2b8775b9a89644391989a431b7738b0dad880d8502f7711858432b45d5636ef3e7136786d8d9e04c23db5180de92db562f869b28248649d43a364232e0b58500c400d81432431b3f6cef92be2a6cae14724f1a3a9e15675565b28545015554500031055036051e480873d7c06defbfb3d71edb75adc437bfb3ac3dbb1ab37b62d9eb590471246b828a2805454ec0a8685d97b4ca36c8dbc175b70eceb43ec96dd5e705bee8d59fdec0d91592565441d766382bedb01bd15964e17739f23ec20921945194f999755d742c709aef214c2d61951fc34c1d938888e651dbdf46ffc36170af176227894653815db1077d133ee77a7ae311f35afd3c6068e1965f124c34b4497c8f85946d7279ba13788969708afce42dbd9109e323fe599d847d513e24fb8fad49eec5b860dcd19d488532e0038b9e24ee57a9f18f624926a49c6493949dc0c1925533b8edc876c5f4302d979e1cfef8c6cfce308a45ef570d1bd275d9cd177917ef2ea6341e3bee32ed64fe45988b6ac5f0d367eb0bec3b3f578fdb26cfd662f7d767897f79767ae3db6eb5b886f7f67587b763566f6c5b3d6b7169ee8d8e264f75add61b3ad0fb25b64db24f75767e6e3bc46ce4f00c218fc1dc644658c9ee91111fd2d9c82eea0fe6fb2a0b392d35cea0558e73ddc9deefb89f276468a55c4d1c80ab0fbd5b74f81344717598694720d28ded89275a95395586f648cf78fbdec1fea89f127dc0976d699a41b5a610c1608a31e10d4b0bc793fff00768ef2edc0046079d9ed771740716dd21123f809f349e16db67696590e13c8e70998f74c7700ed6c70e73d68971c9e37cdd851545001c0058512f48932f6f16d4fe9c7b342f19a321c8e873e36efad3ac73537f769085914f7a73fbf8ed3c7046054b3b051e7b545c236c27908a195866ef4ef9614eeb3f64558e203ae4e4b0a1821446fbc28c2f4adab17c34d9fac2fb0ecfd5e3f6c9b3f598bdf5d9e25fde5d9eb8f6dbad6e21bdfd9d61edd8d59bdb16cf5adc5a7ba3638993dd6b7586ceb43ec96c2a6e932b9ed2b5616f7d3712886f518091de1cd1240312e1be6c7377ff39675299708114fded225eb9a0c28a10e124675e671bddef15662cee4b331ca49384cc7646291d6143de02efe94bb2ec1e7ae0246b86d8233a46519a96582ff00776cd7a0623b55f9c89ecd35d18e408f84a3c1983fbf6e68237584b195f4a366f72d1477a51c4b8af892ed4d6468a54382f1b82ac0f5995b64e2867aaf683aab7bcbd83fd513e24fd2c1666202a815249c8aa2c073fde8069bb85199029ee7aa729b0b8535c492e06530b7cef93a2c9b9c67ae71ee16b76b9913cc782a0f418fc393dcd8d58be1a6cfd617d8767eaf1fb64d9facc5efaecf12fef2ecf5c7b6dd6b710defeceb0f6ec6acded8b67ad6e2d3dd1b1c4c9eeb5bac3675a1f64b6158ef08d1b76b08530bc1b0a4d77728fdba6461dcbaeff70485d5a9a7edb852f248c1510652cc705547856a178d6b2b0e191b7f29f1cec30486152f231e00a2a6d502434890e8463e6e3ff9f7769deef2f0b21a57b4eb9927876bb2de40eab11dadfc28db0a36f57669a03c21e327cf16d9679673c0a91b0af95dad6d08814aaa2256a70574a46d27c7b237b2ce154f78ab5f49fb07faa27c49fa546d34d21a24682ac6d832dfe958d063486babaf3729e4f640656142a71820f01b296e675e18ed2f976b638f9de4fe9d74ddc6659e6382883cecc745134dec43ccdbfbc4d4cf7397c04cc8f63562f869b3f585f61d9fabc7ed9367eb317bebb3c4bfbcbb3d71edb75adc437bfb3ac3dbb1ab37b62d9eb5b8b4f746c71327bad6eb0d9d687d92ec2615f605a4b10cb2c6357968b435f3353a4260e2f9144c31e3ff00e4ba9f51e575364955204d7a3d715e83178cbb63f81d210c934ac1234194b1c82c43344b591c693b6fe56f1cf60ff544f893eec8b5ce6941d20842f947c18fd2b4eb758f8628ba2487c3f9a4f5b6842330a3ca77d2377f236fbc1ccdcc6b2c328c178d8541160d7bbae5da3ab276978f5f5b6055d7132b0a107ba56df6e212977277d7a96ab18ef74a5fd2b745bcc82935e586f9bb95e2e2e4f671552223c9aece3e8ebec6d9c55bbc6476f1c9b38c9bcc3403bf5d9c9b4be3f097671924003f3d8c8607a1f0f67192cb41f98d8c949857c96cf5ac28446b507ee1b18c9864a0f05add61b3930a115fca4d92b77beb63910e28e53acd4f9a9794f29681eef27007188f6e37cc93c0dc44f3ccd9238c163f9d337c2b60c92aefa3b98df229ebced9b33727f35f89b8531de10522bcc789d465c13a3247dc3d905fe0191e1cfa775776dff92db6ca6371951c1561e0b6fb7377694568d2e6c6bdfccdbcb30bc7341850cb4dea039c9029f4a4cf7ec22ed15e302b81b6206a572e0e10b733aede497fd5b99d76f24bfeadccebb7925ff56e675dbc92ff00ab733aede497fd5b99d76afe127fc6d768623d748d57dd5e95758e73c0ec37e3ee957064f4ac6f108d549011eb925b4d7a61d62e9fc615b5cd6591723cc4ca7f693093d1b0a018801b8bac3787514569115881ab84c2dccebb7925ff0056e675dbc92ffab5ce182500812246aac01cbbe0366ed15e0a6619103115d5c216e675dbc92ffab733aede497fd5ae50452a66c891a861deb5366ef1de150d5448a1a87b9c2b733aede497fd5b99d76f24bfead70bba4887091c46a082349716c5de3bc2a1aa8914350f73856e675dbc92ff00ab733aede497fd5ae1774910d51d6350411a4b8b6208ef08a7082c8a1803d71856e675dbc92ffab733aede497fd5b99f775742195844b5046439371ccfbb1663563b52e327c1b733aede497fd5b99d76f24bfead0a5de3ad702350a2a74b7bb8892688e5491432f8ad68a4bb13c4b903c4936d4f46d3defc78ff00e8b2cd79a704b262f16110da08eef1eac6a16bdf533b77778ef0bd691037ed842d763013c313b2fa384c969af4a3ac1d3f942d67bcc9da69147c38d2d71491c694d590fed2965b28445c41545001da03ff00a953ffc4003c1100020102020705050606020300000000010203001104311012214151718120323350612230425291136072a1b1b214236282c1d1a0a2408092ffda0008010201013f00ff008b7b30517342553e9f7259828b9a662c6e744725b61cbee3b3051734cc58dcf62392db0e5f7159828b9a662c6e7b51c96d872fb86cc145cd3316373ee2392db0e5f7059828b9a662c6e7dd4725b61cbcfd9828b9a662c6e7de4725b61cbcf59828b9a662c6e7b20126c29611bcfd2bec969a22368da3b51c96d872f3b660a2e6998b1b9ed46b617de7b12ad8ecc8f6a392db0e5e74e49275b3f77377473edc67d81e6f1c6d2358753c2a4c28d41a9de1ff006a923bec3b1851041b1ed235d476266b9b70ed22163e9be80005879b471b48d61d4f0a8e3545d55d13c1afed2f7ff75491df61d8c28820d8f6558a9b8a5914efb73ad65e229a5dcbf5ed22163e9c680005879b471b48d61d4f0a8e3545d55ec4f06bfb4bdffdd52477d87630a208363ef110b1f4e340002c3cda38da46b0ea785471aa2eaaf6a7835fda5eff00eea923bec3b1851041b1f748858fa50000b0f368e3691ac3a9e151c6a8baabee278038d65eff00eea923bec3b1851041b1f708858fa50000b0f368e3691ac3a9e151c6a8baabeea7803fb4bdff00dd52477d87630a208363da442c7d38d0000b0f368e3691ac3a9e151c6a8baabef278038d65effeea923bec3b1851041b1ec22163e940002c3cda38da46b0ea785471aa2eaae89b1023d83da6fd29b1129f8adca971328f8afcea19d64d99370ff5d89712a86c3da6fc851c54a7781d29316e3bc030fa1a4915c5d4e89e00e3597bff00baa48efb0ec6144106c7422163e9be80005879b471b48d61d4f0a8e3545d55d12bea216e1973a249373bf4ab15208cc5236b286e2346224d44d999d83b10c851c1dc763699e00e3597bffbaa48efb0ec614b1926c765b3a000161e6f83b6a371be9c5f87d47670de12f5fd7463734ebd94ee2f21a716a9b0e4ff00a8f5f398a531b5c751c691d5d75974489ae8578d104120ec234aa962146669142a851b868c547ac9719aede9bfb11a1770a3af2d334c231c58e42998b1249b93e7514ad1b5c65bc71a47575d65d1361d64db9371ff0074d86946ebf234b8594e63579d4502c7eadc7b13616e75a3ff00e7fd518a419a1fa5261e46ddabeadb2a28563161b49cce89a6118e2c7214cc58924dc9f3c8a568dae32de38d23abaeb2fbc9a6118e2c7214cc58924dc9f3e8a568dae3a8e348eaebacbeea6984638b1c8533162493727ee0452b46d71d471a47575d65f7134c231c58e42998b1249b93f70a295a36b8ea38d23abaeb2f6a6984638b1c8533162493727ee2452b46d71d471a47575d65ec4d308c716390a662c4926e4fdc68a568dae3a8e348eaebacba26984638b1c8533162493727ee4472b466ebd451c69b6c5dbce998b1249b93ff00a391e175d436b5afe95fc17f5fe55fc17f5fe54705c1ff002a7c2c8b959b95116cff00f030d12aa0623da6db4e8ae2cc2997558af036f750c7aee14e5be9555458000562a25035d45b6edf2883c24e5d9961590706dcd4ca5495398f7f86994a8426ccbb36efa795105c9e9be98eb124ef37f7513ea386e149223f74deb16e0205de4dfa79441e1272d12cf22c8c035803c2971528ccdf98a865122dc6c2331a3189938fc27fc500588005c9a8f08a36b9b9e032afb08be414f8443ddf64fe54f1b21d5615878d5decd95af5fc2c5c0fd69b080b8d5d8b6dbbe970d10dd7e74d868c8d8357d452e19cb95c80f8a970d10ddadce9b0d11196afa8a96331b153d2a1c3c6d1ab1bdcfad1c2c5c0fd6a140f205391bd7f0b1703f5a7c2025426c1b7589a5c2c4331adce8e1e23f0db954f098cf15391d11612e2efb3fa450c3c43e114d858ce4354fa54b0b4676ed07235162046960bed71a44799c9bf36a5c2c633bb73afe1e2f945361233ddbafe74d118dc06b58e47754a7d9db7cbe2bf7bd9b6a791c1e1272d13f8afcf4610da4b710746287f28fa5ab09180bae736cbf0e833460d8b0be89e3d742378dab583f10fe13a199545d8d852488fdd37b686655176361492a3f74df46346d43ceb0fe12f2d186f157afe9a0b051726c29668d8d95813a3142f11f422b091dc973f0e5f8b43488a6ccc050208b83714e81d4a9df4ca558a9dc6d58500440f1274362981db191ce93131b6fd53fd55349f68e4eec97979241e1272d13f8afcf461233b5cf25d18b6b476e26a316451e82a762b1b119e8c2312841dc7668c38b4ee3f17eed18cef2f2ac2789d0e8c666bc8d617c51c8e8c6fc1fddfe2b0fe12f2d186f157afe9a31b9275a536607d74627c26e9fbab0a3f943d49a26c091c2892492769358363accbbad7eba3143f9a7a561660bec31b0dc74b448d9a8a9e0fb3371b54f9241e1272d0d868d98b1bdcfad2e1a206f6bf3d389975dec3babb0561df5a31fd3ec9e9440208391a3835bec62070b5222a2855ca9d82a963b85610de527883fae8c677d795613c4e874633bcbc8d617c51d74637e0feeff1587f097968c378abd7f4d18dc93ad2e639e8c4f84dd3f7560deea577837e8743e1158dd4eadf75af5144b18b0da4e6744cfaf2337aecac3c3f684dfba28c12a786c48e1424c483b549e6b4a49009163bc562bc23cc79241e1272ec3ca8bde61fe6a6c497f65762fe67443298daf98398a4915c5d4df433051726c2b113ebfb2bdd1ff6ac1f887f09d18cefaf2ac2789d0e8c6779791ac2f8a3ae8c6fc1fddfe2b0fe12f2d186f157afe9a31b9275a198e7a313e1374fd691ca3061baa299641b0edf977e9c462010510f36ff005a30d2c6102df54efbefd24802e4d8562660e42af747e67c90330c891d6b5dbe63f5ad76f98fd68b31cc9ec8241b836afb797e734cccdde24f3d009196cad76f98fd68927337a048cb656bb7cc7eb449399bd024655aedf31fad124e66f41986c048eb5aedf31fad036cab5dbe63f5a249ccdf46bb7cc7eb4598e649d226907c669a476ef313d85765eeb11c8d7dbcbf39a6666cc93cff00e21fffc4004611000201020106080a090206030100000001020300041105101221315213203233415171812230425061627291b2c2142343606382a2c1e192d215a0a1b1d1e2407380f0ffda0008010301013f00ff002b7db5acd70fa112e911b4ec551eb354b912ed1748684986d58c9d3fd4aba5f726d2d24b990220f4bb9e4a2f59ab5b58eda311c63da6f29db79b3654c97c2e33c03eb36ba0fb5f597f13e3fb8f696925cc81107b6e7928bd66ad6da3b68c4718f69bca76de6e2654c97c2e33c03eb36ba0fb5f597f13e3fb8b696925cc81107a5dfc945eb356d6b1db46238c7b4de53b6f371b2a64be1719e01f59b5d07dafacbf89f1fdc3b4b492e640883db73c945eb356d6d1dbc6238c7b4de53b6f3788ca992f85c67807d66d741f6beb2fe27c7f706d2d24b990220f4bb9e4a2f59ab6b68ede311c63da6f29db79bc5654c97c2e33c03eb36ba0fb5f597f13e3f3fda5a497320441e9773c945f4d5b5b476f188e31abca6f29db79bc6654c97c2e33c03eb36ba0fb5f597f13e3f3eda5a497320441e9773c945eb356d6d1dbc6238c6af29bca76de6e2cb34712192460a8bb49ab8cbce49102055de93c27fe9e4afeba5cb7780e2595bd0507cba356596629984728e0a43a81c7eadcfc9c6ca992f85c67807d66d741f6beb2fe27c7e7bb4b492e640883d2ee7928bd66adada3b78c4718d5e53794edbcdc6caf7666b83183f570928a379c72df8991eeccf014738c90e0a4ef21e4371b2a64be1719e01f59b5d07dafacbf89f1f9e46188c750e9ab18a08e05fa39d246d7a7e53b6f3fadc7249249da7899009fa4483a383d7fd69c7cae8ab7b205e9d163ed32e9379de699625d26ee1bd50df3699e1392c7fa2b276516b56df85f969f3a7ad514a92a2c91b0646188238d946d8c172eb8780c74e3f61bfb793c4c856c522799861c2f829ffad3cafccdc6bfbf4b54de95b909f3bfa95248d23b48e7499ce931f3b4d32c4ba4ddc37aa699a56d26ee1d59ad6e8c6741f5a7c3593b28bdab6fc2fcb4f9d3d6a8a54951648d83230c411c5bcb38eea3d07d446b471ca46fff00793571926ee2270432af4345e1fe8e5d2da5cb1c043213ec355964472c1ee7c151af8207c36f6d9792b400000030006000eae2dfdfa5aa6f4adc84f9dfd4a965795da491b49db693e769a6589749bb86f54d334ada4ddc3ab896b74633a0fc83fa2b276516b66df85f969f3a7ad514a92a2c91b064618823c65fdfa5aa6f4adc84f9dfd4a965795da491b49db69f3b4d32c4ba4ddc37aa699a56d26ee1d5c6b5ba319d07d687f4d64eca2d6afbf0bf2d3e74f5aa29525459236d24618823c55fdfa5aa6f4adc84f9dfd4a965795da491b49db593e769a6589749bb86f54d334ada4ddc3abc45add18ce83f23e1ac9d945ad9f7e17e5a7ce9eb5452a4a8b246c19186208f117f7e96a9bd2b7213e77f52a595e5769246d276da7ced34cb12e93770dea9a6695b49bb87578ab5ba319d07d69f0d64eca2d6afbf0bf2d3e74f5aa29525459236d246d608e35fdfa5aa6f4adc84f9dfd4a965795da491b49db69f3b4d32c4ba4ddc37aa699a56d26ee1d5e32d6e8c6741f91f0d64fca2f6adabc385f969f3a7ad514a92a2c91b69236b04712fefd2d537a56e427cefea54b2bcaed248da4edac93e769a6589749bb86f54d334ada4ddc3ab35bda34be137829feadd94b690af918fb5ae9ed2161c9d1f4ad5c5ab45ac7849d7fddc482c9a41a4c7457f51a165001ad49ed352584647804a9f78a962789b4587f39ad6e8c6741f5a7c3593b28bdabefc2fcb4f9d3d6a8a54951648d83236b0466bfbf4b54de95b909f3bfa952caf2bb4923693b6d3e769a6589749bb86f54d334ada4ddc3ab3411f0922af41dbd94000001a80ceca18153ac1d552a683b26e9cd6708924d7c95f08f12e2112c6479435af6e7b5ba319d07d687f4564fca2f6cd88f0e17e5a7ce9eb55de5486285648d848d20c6251f13eee8d4b2bcaed248da4edb49f3be51c74d77747576f4e7b0c386fca78b7b870edd83fdb364ec307ed1c5970e11f0de39ec1a438aed8c749e83eaf9e6685655d16ee3bb52c4d1b1561fce6824e0e457eadbd9408201071073b30552cc7002a472eecc7ca38e6b194249a2763eafcdd1c49a411a163d1b3daa27138e6b6b6695b5ea41b4fec29555542a8c00f3d4d0acaba2ddc776a589a362ac3f9cd6f76d17827c24eaeaf6696f2061cad1f430a7bd8546a6d2f66ae2e9e5d5c94ddff009e25bdf6002cbfd7fdd42788eb0ebefa92ee141cad23d4baea7b8698ebd4a362e6b6b6695b13a906d3fb0a555550aa3003cf9342b2ae8b771dda96268d8ab0fe7c65b5b34ad89d48369fd852aaaa8551801e7e9a1595745bb8eed4b1346c5587f3e2adad8cad89d48369fd852aaaa8551801f702685655d16ee3bb52c4d1b1561fcf88b6b6695b13a906d3fb0a555501546007dc29a1595745bb8f554b1346c5587f3c6b6b6695b13a906d3fb0a555550aa3003ee24d0acaba2ddc776a589a362ac3f9e25b5b34a713a906d3fb0a550a02a8c00fb8d342b2ae8b771dda96268d8ab0fe735b5b195b13a906d3fb0a550a02a8c00fb9134292ae8b771e9143270c75be23b2954280aa3003ff008725bed0764d0c744e18e35fe25f87fabfeb5fe25f87fabfeb43288e98ff005525ec2da892a7d6a041d63ff02f276690a0382aeac3acd452bc6c194ff348c19430f2803eff0015712f071b30dbd1db4d2331d26249ab1b8663c1b1c7562a7cd175cfc9dbc5b7b9688f5a74affc52b0650ca7107c7de5b3873228d256d670f24d456f248d80040e92760a550aa146c51878a9a3124653663b3b6a58248cf8630f4f4564f8c972fd0a30ef3e68bae7e4edcd05b42d12314c491af6d3594046a5d1ec35716ed0b6075a9e4b66c9f272a33d1e10fde998282cc7002a6bf62708c60378edafa54dbe6a3bf914f87e18f735472ac8ba4a7115772b451e92edc40afa74dd63dd497e4464bf84f8ea0357be9ef6663cad1f42d25ecca759d21d469af2358c3ed2db169ef6663a8e88ea5a4bd994eb3a43a8d432aca81c778ea3571772a4acab8603d142fa6c46b1eeab890c7133aed187fbd7d3a6eb1eea8afc856326b230d103553df4cc751d11e8a5bc9c1e563db56d702653ab061b4669efc292b18d2f58eceea37739f2cf76aa4be994eb3a63d3505c24a315d446d5a9ad5a590167f007934f2476f18187b2a3a69efe563e0e0a3d15f4b9f7cd25fca394038fe9349389a36298e2368e9a84785ab0c71f270e4f85a5a7e63bae7e4edcd6dcca7666be5061c7a88cd627ebc7a41abf9896e0c1f0576fb5985bcc574821c288c351ab598c720dd6d4d5943991ed0f9b3246ce705058d490c91e1a6b86399119ce0a0b1a920923d6eb8639b271d520ea22aef9f7a1b455ef30fddf1665566382824fa29eda541a4ca70cd62709c0eb0455f4c55446bb5b6fb3992091c62aa48eba6565383020f51a8a468dc32f45230650c3630c6af9899883e481850a5b1461aa504fa35d4b652a6c1a63ad6ade2114617a76b7b5e64bae7e4edcd6dcca7666bf986023075e38b66b05c65c7741a98932393bc6ad555a640db3fe336505512291b586bcd7871b6427a4afc39b27736ddb57fccfe619b27725fb455ef30ddd9b26fda7e5f9aaef9f7a1b455ef30fddf166c9db5fba9c62ac0f51a3565cfaf7fc357c7ebcfa00a500b007a4d0000000c00aca0aba0ade56387766b238c0be8c6af6d99f09106240c1851186dcc93ca9c963d9d156b73c3020ea75dbe9f4f992eb9f93b7325eca8a146180d5b29ef6661863a3ecd138eb39ad21e0e3d7ca6d67f6157919499ba9bc21df4ac54820e046b14328b61ad016ebc7f6a9656918b36da8d0bbaa8e9357e308140e861fed9b27f36ded55ff0033f9866c9dc97ed157bcc37766c9bf69f97e6abbe7de86d157bcc3f77c59b276d93ba9b927b28edab2e7d7bfe1aca1190eafd0c303da33477ecab832e9e1d38e153dc34c713a80d8b9a04d08957a86bedabab8e09461ad9b652dd412f3a80375e18ffad34366462182f637f753850c429d25c751ab1c7861d871f325d73efdb9f0a48257e4a9ede8ab7b358ce93f84ff00a5735c40b32e07511c935242f19c1861e9e8cca8ce705049f455adaf04349b5b9fd35943991ed0f9b364fe6dbdaabfe67f30cd93b92fda2af7986eecd937ed3f2fcd577cfbd0da2af3987eef8b364efb4eea6e49eca3b6acb9f5eff86a48d6452adb0d4d6ef11d6315e8619802750d7569685489241ac7257f76cd7904c5cbe1a4bd187923b2b0ccaacc705049f455a5b188166e5b7e91e6428a4e2541eeae0d3757dd5c1a6eafba8228d8a077714804604023d35f46876e80a545518280bd9988075118f6d7069babeea000d4061d9440230231ae0d3757dd4001b001d94403a8ebae0d3757dd4140d800eca28a759507b457069ba3dd4403a8ebae0d3757dd4140d800eccdc1a6e8f750451ac281d8336da36f0938945f7524489c950bd8388d1a372941ed15f46877052a2af2542f60c3fca1ff00ffd9);

--
-- Indexes for dumped tables
--

--
-- Indexes for table `customers`
--
ALTER TABLE `customers`
  ADD PRIMARY KEY (`id`);

--
-- Indexes for table `foods`
--
ALTER TABLE `foods`
  ADD PRIMARY KEY (`id_food`);

--
-- Indexes for table `items_ordered`
--
ALTER TABLE `items_ordered`
  ADD PRIMARY KEY (`id`);

--
-- Indexes for table `orders`
--
ALTER TABLE `orders`
  ADD PRIMARY KEY (`id_order`);

--
-- Indexes for table `restaurants`
--
ALTER TABLE `restaurants`
  ADD PRIMARY KEY (`id_restaurants`);

--
-- AUTO_INCREMENT for dumped tables
--

--
-- AUTO_INCREMENT for table `customers`
--
ALTER TABLE `customers`
  MODIFY `id` int(11) NOT NULL AUTO_INCREMENT, AUTO_INCREMENT=7;

--
-- AUTO_INCREMENT for table `items_ordered`
--
ALTER TABLE `items_ordered`
  MODIFY `id` int(11) NOT NULL AUTO_INCREMENT, AUTO_INCREMENT=2104030475;
COMMIT;

/*!40101 SET CHARACTER_SET_CLIENT=@OLD_CHARACTER_SET_CLIENT */;
/*!40101 SET CHARACTER_SET_RESULTS=@OLD_CHARACTER_SET_RESULTS */;
/*!40101 SET COLLATION_CONNECTION=@OLD_COLLATION_CONNECTION */;
